type,name,module,path,hash
"csv","agent-manifest","_cfg","_cfg/agent-manifest.csv","de041308adb7133baa650b325cc468613caa36fc0681ae5504c5429fdb16313e"
"csv","task-manifest","_cfg","_cfg/task-manifest.csv","27c9bafc1032cde386fa2f3fe033bb9fa046ec9f34c999b08e994cffc1dcd536"
"csv","workflow-manifest","_cfg","_cfg/workflow-manifest.csv","499b1b6f283503bb3407b3176468d7c20e8a47bb57f25ddc7842ad55baa25d4b"
"yaml","manifest","_cfg","_cfg/manifest.yaml","7384cdde827fcb951f30b22b8577c345a00d40fe3f2444b2b4d50ed1c56c9021"
"csv","common-workflow-tools","bmb","bmb/docs/workflows/common-workflow-tools.csv","6bb4ff898bfdaadabee1b243ab02e3974f59e57268eb72b561770dbc4c196e9d"
"csv","communication-presets","bmb","bmb/workflows/create-agent/data/communication-presets.csv","7da0e24ff4067bee04b3d39e89811452b90c66b90cf1a52b2e5ef4360c995836"
"csv","dietary-restrictions","bmb","bmb/reference/workflows/meal-prep-nutrition/data/dietary-restrictions.csv","7be24fe2bd42c2a210ecd5e6cdfe05f0445facdb80e711b40664ae0a76796fad"
"csv","dietary-restrictions","bmb","bmb/workflows/create-agent/data/reference/workflows/meal-prep-nutrition/data/dietary-restrictions.csv","7be24fe2bd42c2a210ecd5e6cdfe05f0445facdb80e711b40664ae0a76796fad"
"csv","kb","bmb","bmb/docs/agents/kb.csv","e3b0c44298fc1c149afbf4c8996fb92427ae41e4649b934ca495991b7852b855"
"csv","kb","bmb","bmb/docs/workflows/kb.csv","e3b0c44298fc1c149afbf4c8996fb92427ae41e4649b934ca495991b7852b855"
"csv","macro-calculator","bmb","bmb/reference/workflows/meal-prep-nutrition/data/macro-calculator.csv","0b4109a07f4fc45d7c5d1b2085f6845d6540c9afab00173f5b8c9c3c3b46d514"
"csv","macro-calculator","bmb","bmb/workflows/create-agent/data/reference/workflows/meal-prep-nutrition/data/macro-calculator.csv","0b4109a07f4fc45d7c5d1b2085f6845d6540c9afab00173f5b8c9c3c3b46d514"
"csv","recipe-database","bmb","bmb/reference/workflows/meal-prep-nutrition/data/recipe-database.csv","4e97e29cc7f4ad1b6d7492abcdb45ae973aa5cd399cb1bf1efc0babffd433171"
"csv","recipe-database","bmb","bmb/workflows/create-agent/data/reference/workflows/meal-prep-nutrition/data/recipe-database.csv","4e97e29cc7f4ad1b6d7492abcdb45ae973aa5cd399cb1bf1efc0babffd433171"
"js","installer.template","bmb","bmb/workflows/create-module/templates/installer.template.js","fda1737ebb945818d510752fec7bdca94059ab615a4536119369bb534f8bcc58"
"md","agent_commands","bmb","bmb/workflows/create-agent/templates/agent_commands.md","23fa1a1dc7b4875a46b20217c41f9fdb94a9dbdf1be008be4a0c6b3de8b10529"
"md","agent_persona","bmb","bmb/workflows/create-agent/templates/agent_persona.md","5eb789df06d70840803ba992004e319d92765ed4282445534daddba7d87602d1"
"md","agent_purpose_and_type","bmb","bmb/workflows/create-agent/templates/agent_purpose_and_type.md","ff406b86d97ea31dfef4e5b67ff74aa94a1b4f5c1b64be05485e376790c68963"
"md","agent-compilation","bmb","bmb/docs/agents/agent-compilation.md","dc0d9ca05825b17b512e2808cee87971353706bc6321cd4203ae69c0342bb1ec"
"md","agent-menu-patterns","bmb","bmb/docs/agents/agent-menu-patterns.md","e9eae37a8dc9a2f44e3645270b14dcc6d8e07a8ec6bb0f1ab2e40654a4690fa8"
"md","agent-validation-checklist","bmb","bmb/workflows/create-agent/data/agent-validation-checklist.md","94c5232d325c1c729472f085cc0c73ea30de4672a0d6067937ec776aa59cd7cd"
"md","agent.template","bmb","bmb/workflows/create-module/templates/agent.template.md","9da831cfcacced45c98b48ac13de795ea23948516b3747f551ae369ea7fe9c6d"
"md","architecture","bmb","bmb/docs/workflows/architecture.md","795997734c284365455b6dc03daf18ffea72be34fabf1d7f4e45ed2afa8351a0"
"md","assessment-section","bmb","bmb/reference/workflows/meal-prep-nutrition/templates/assessment-section.md","1fbead75219e758725f262cc546fc274d51ae8257237614f5dde8ee5148980a5"
"md","assessment-section","bmb","bmb/workflows/create-agent/data/reference/workflows/meal-prep-nutrition/templates/assessment-section.md","1fbead75219e758725f262cc546fc274d51ae8257237614f5dde8ee5148980a5"
"md","brainstorm-context","bmb","bmb/workflows/create-agent/data/brainstorm-context.md","089aba83bd9bc46b2e7dcb50569e3033e1593ac8d4be1efef320b3fa77e5f434"
"md","checklist","bmb","bmb/workflows-legacy/edit-module/checklist.md","8d5de733442a55658ee64cb105c3acf0aea4dc6fafc978a4cf08414c49d202dd"
"md","checklist","bmb","bmb/workflows-legacy/module-brief/checklist.md","5dc575ebef451d3295132bd96ff5f995e3b60fb77bc2e75df598a97ea41cda98"
"md","completion-summary","bmb","bmb/workflows/edit-workflow/templates/completion-summary.md","432fcdc5c71bbf2c91b1f8737759054b9c82f2c3a78252be9a181a558c147bf1"
"md","compliance-report","bmb","bmb/workflows/workflow-compliance-check/templates/compliance-report.md","11539035c334e7dcf59b73b8b4cf6de15218cfe72db612375c99dd2e1c3cb61e"
"md","csv-data-file-standards","bmb","bmb/docs/workflows/csv-data-file-standards.md","57f39ef83c1ff9b6d10baaf6abec829f7647f3e939b668ac9ef92d1b54546a4f"
"md","expert-agent-architecture","bmb","bmb/docs/agents/expert-agent-architecture.md","62f86f74c053a3ebe09bb5af0e315dcacf9e8baf4a2b601168c1e6da08b04b6f"
"md","improvement-goals","bmb","bmb/workflows/edit-workflow/templates/improvement-goals.md","0638c6b1fcf3edcff2b4c5d0aa5deab95f0e1d50ca9eb771ad3fd2826c76c147"
"md","improvement-log","bmb","bmb/workflows/edit-workflow/templates/improvement-log.md","797d1097e58b0a6f1bd8483929b31402434c8e5a3b2bdb95a99e8f81b6464dd8"
"md","index","bmb","bmb/docs/agents/index.md","0791b249fc1fdfcdffddce54d907882916e8e7c45337c9ce1708ff4460028b1b"
"md","index","bmb","bmb/docs/workflows/index.md","4a44aae376ce1e58d2709329cfd63a09e114db370864c933850231180629fff1"
"md","info-and-installation-guide","bmb","bmb/workflows/create-agent/data/info-and-installation-guide.md","28baf4afab4ec660ea5782e8f2915e5d0bd119935591c02675243f1bdd40ef90"
"md","instructions","bmb","bmb/workflows-legacy/edit-module/instructions.md","1f3ee6642b64af92c27a5208b43605902721401007e29a6a41d913e84d3f11c8"
"md","instructions","bmb","bmb/workflows-legacy/module-brief/instructions.md","85e1dc1a2f423e53361c71a04d1eacdac5f1fb0974035bd980260f0df5bbb321"
"md","intent-vs-prescriptive-spectrum","bmb","bmb/docs/workflows/intent-vs-prescriptive-spectrum.md","20d28f9f28ef46e17c945c21b96d88c252dafc379c1c3523bbae7359306c5fef"
"md","module-agent-architecture","bmb","bmb/docs/agents/module-agent-architecture.md","fedbbdc337373e5c255207ca7f81d28ec74176c065e8b577e3fec840ca243b16"
"md","module-plan.template","bmb","bmb/workflows/create-module/templates/module-plan.template.md","da95825387caca192c2f2ccd866e09d97f1db6e2cbefbcc367a40d2d36423582"
"md","nutrition-plan","bmb","bmb/reference/workflows/meal-prep-nutrition/templates/nutrition-plan.md","657b5a0cf245edad33b0568d4113997aba666c85b1e027e989c0f13e818ec9f0"
"md","nutrition-plan","bmb","bmb/workflows/create-agent/data/reference/workflows/meal-prep-nutrition/templates/nutrition-plan.md","657b5a0cf245edad33b0568d4113997aba666c85b1e027e989c0f13e818ec9f0"
"md","prep-schedule-section","bmb","bmb/reference/workflows/meal-prep-nutrition/templates/prep-schedule-section.md","a1734576cc8be0ff6120fe753744b49d176cae3de00beb43f4c1487f0dc05469"
"md","prep-schedule-section","bmb","bmb/workflows/create-agent/data/reference/workflows/meal-prep-nutrition/templates/prep-schedule-section.md","a1734576cc8be0ff6120fe753744b49d176cae3de00beb43f4c1487f0dc05469"
"md","profile-section","bmb","bmb/reference/workflows/meal-prep-nutrition/templates/profile-section.md","e9dbf57169abf9fd8d36072cdf4f1e5cc98dfbde6787848a7f3da88cc5c2737c"
"md","profile-section","bmb","bmb/workflows/create-agent/data/reference/workflows/meal-prep-nutrition/templates/profile-section.md","e9dbf57169abf9fd8d36072cdf4f1e5cc98dfbde6787848a7f3da88cc5c2737c"
"md","readme","bmb","bmb/reference/readme.md","b4432b34e68bb436f5bf6c14ce92758a47a1974d9d4f7384ecd4e5fbb1e1bdc2"
"md","README","bmb","bmb/README.md","e7499a2bc4f1ba5e3513701ad0174b76fd26ed8e7cfafd75d986b570b276837e"
"md","README","bmb","bmb/reference/agents/expert-examples/journal-keeper/README.md","5660ed9964f27dbe417e6fca2b36336666bd16ac73431329fce6b788a3d3223d"
"md","README","bmb","bmb/reference/agents/module-examples/README.md","7bb5a672c5c9e371fa5ebd5674cc13793e427bd6cae3662da4655c966b8016ac"
"md","README","bmb","bmb/reference/agents/simple-examples/README.md","ec69afc5c5c7797a934c0c22bab41e9262a96faa7eceea36b6909b2972ae3d51"
"md","README","bmb","bmb/workflows/create-agent/data/reference/agents/expert-examples/journal-keeper/README.md","5660ed9964f27dbe417e6fca2b36336666bd16ac73431329fce6b788a3d3223d"
"md","README","bmb","bmb/workflows/create-agent/data/reference/agents/module-examples/README.md","7bb5a672c5c9e371fa5ebd5674cc13793e427bd6cae3662da4655c966b8016ac"
"md","README","bmb","bmb/workflows/create-agent/data/reference/agents/simple-examples/README.md","ec69afc5c5c7797a934c0c22bab41e9262a96faa7eceea36b6909b2972ae3d51"
"md","README","bmb","bmb/workflows/create-agent/data/reference/README.md","b4432b34e68bb436f5bf6c14ce92758a47a1974d9d4f7384ecd4e5fbb1e1bdc2"
"md","README","bmb","bmb/workflows-legacy/edit-module/README.md","eff5a684f5d848fd48873d8e92f157c97b419e2f1f6300045d9f8f55e2e3f5ca"
"md","README","bmb","bmb/workflows-legacy/module-brief/README.md","2c316339bf30aea936a5710436c496495b2c1e35334fb0b9677fd140fd1a38a9"
"md","shopping-section","bmb","bmb/reference/workflows/meal-prep-nutrition/templates/shopping-section.md","a00778acd1cf62631eacb5a97577aca48fb3080c5109e492a79f15e136859674"
"md","shopping-section","bmb","bmb/workflows/create-agent/data/reference/workflows/meal-prep-nutrition/templates/shopping-section.md","a00778acd1cf62631eacb5a97577aca48fb3080c5109e492a79f15e136859674"
"md","simple-agent-architecture","bmb","bmb/docs/agents/simple-agent-architecture.md","5994c221e5445459390c5745898d0044d927f19a02ebd5ad1aa19b4603aee28e"
"md","step-01-analyze","bmb","bmb/workflows/edit-workflow/steps/step-01-analyze.md","b53b9d10105c73f61a9f0a55e12f02d79e2e24c4ed0e386f3c895536174b0a7d"
"md","step-01-brainstorm","bmb","bmb/workflows/create-agent/steps/step-01-brainstorm.md","e43035f70175c86b66de4c63d0aed42d25218c49a8f11a23abc5a4346ab76d91"
"md","step-01-discover-intent","bmb","bmb/workflows/edit-agent/steps/step-01-discover-intent.md","b29c2041ad1ec42db247737e40af22c8aade1d1ef5ef176c738d3eab22f53e14"
"md","step-01-init","bmb","bmb/reference/workflows/meal-prep-nutrition/steps/step-01-init.md","9daae858ba56c10fc2d73de2e6141f47676e9efd04cc381ea021ae7cabd034cd"
"md","step-01-init","bmb","bmb/workflows/create-agent/data/reference/workflows/meal-prep-nutrition/steps/step-01-init.md","ee98059b586ea47164cf951357f685c92886527ea26025ee34a35d63ac25827d"
"md","step-01-init","bmb","bmb/workflows/create-module/steps/step-01-init.md","9be1217c785d1793fcfff54be4ccfacfb03f3d905bd324c3cf4da62cc2fdb5e2"
"md","step-01-init","bmb","bmb/workflows/create-workflow/steps/step-01-init.md","d13df565bb4b236dc47543d4526daf1b713b28f7025b56f80529b8d9dfdca428"
"md","step-01-init-continuable-template","bmb","bmb/docs/workflows/templates/step-01-init-continuable-template.md","fe12cefca6e3a563807f9df465d0e720daa73d94a3f16d256ee815a898d5f109"
"md","step-01-validate-goal","bmb","bmb/workflows/workflow-compliance-check/steps/step-01-validate-goal.md","833ea6d12f1db2e9b30f494f3fec094178643e1be63c3cf7d90171475b51be0e"
"md","step-01b-continue","bmb","bmb/reference/workflows/meal-prep-nutrition/steps/step-01b-continue.md","77590ae0bb35406d7cda40134fc34ba7021073413957c0124b5555593a38cd1d"
"md","step-01b-continue","bmb","bmb/workflows/create-agent/data/reference/workflows/meal-prep-nutrition/steps/step-01b-continue.md","0ae43ffa78b71c46c58eeb3e69f08b9bbc0a2e094c7407bd5dacbdeea9f0e3bb"
"md","step-01b-continue","bmb","bmb/workflows/create-module/steps/step-01b-continue.md","351a96fea644fd6155c57fcdaed0d8b03322db9aebe3ec3673ba92f10f5bae24"
"md","step-02-analyze-agent","bmb","bmb/workflows/edit-agent/steps/step-02-analyze-agent.md","67e7c3308bf917498466bf43fbc453df395ac39ea09c3a56fa2ad42a2c1c1437"
"md","step-02-concept","bmb","bmb/workflows/create-module/steps/step-02-concept.md","b9e9789bfaeef69f15fdee6e27cba583101d17048e0931c5ae61a0cc3edde41d"
"md","step-02-discover","bmb","bmb/workflows/create-agent/steps/step-02-discover.md","cb7e2eb6efbfd4ae1cdb59f4927b2ed0aa526ec0efd555035dc6e2f55f14a12e"
"md","step-02-discover","bmb","bmb/workflows/edit-workflow/steps/step-02-discover.md","574f5d1be07a6fe1954680d23542339d78f1fe7ddd9852610ea875dc1b95d59c"
"md","step-02-gather","bmb","bmb/workflows/create-workflow/steps/step-02-gather.md","61c57c944fbfe3e09d007405a84447369a1ddc4b6ffeae0311c5d53f07fc8537"
"md","step-02-profile","bmb","bmb/reference/workflows/meal-prep-nutrition/steps/step-02-profile.md","128ebd15b477ec194d3a4325abdcdae5e3d54163d7f1bf2008fe71ed7604c3e3"
"md","step-02-profile","bmb","bmb/workflows/create-agent/data/reference/workflows/meal-prep-nutrition/steps/step-02-profile.md","5fb3b6fdd272a20abca926070551e12dd59474e128c34ff0c50cb2c547e6c17f"
"md","step-02-workflow-validation","bmb","bmb/workflows/workflow-compliance-check/steps/step-02-workflow-validation.md","0471472a5eab830964d0c780dd6dec63d5c4b655e49ce2965f0e4cb16b496312"
"md","step-03-assessment","bmb","bmb/reference/workflows/meal-prep-nutrition/steps/step-03-assessment.md","8f44d38baf76f0aa18bd0b529011ca1a034ff485f5a860ac21c911b0d84c49f2"
"md","step-03-assessment","bmb","bmb/workflows/create-agent/data/reference/workflows/meal-prep-nutrition/steps/step-03-assessment.md","88fca63b0f3b8c21f382f0b5af2d9ab4d9733f9bb63012d6b7047edf8c78d2aa"
"md","step-03-components","bmb","bmb/workflows/create-module/steps/step-03-components.md","aff518d7991d4070ea4af95bf6f28a5f04fb878faa698de6628feb437830c3cb"
"md","step-03-improve","bmb","bmb/workflows/edit-workflow/steps/step-03-improve.md","d79fe5c33079c569657411d275eada785a8167eb02693b85a6a256eb4556a6ac"
"md","step-03-persona","bmb","bmb/workflows/create-agent/steps/step-03-persona.md","70b4405080fc430d28c69a91d94aa071f8a19127bea6670fe12c34884875670f"
"md","step-03-propose-changes","bmb","bmb/workflows/edit-agent/steps/step-03-propose-changes.md","a595b939c92d90cf863ee9bf4d402c09f978a39a04cdee82b8ce20babcd21ef4"
"md","step-03-step-validation","bmb","bmb/workflows/workflow-compliance-check/steps/step-03-step-validation.md","650c184117dfa8bd509e2cfadad1989508a6dcfc42b9abc6a6232a9867f80e58"
"md","step-03-tools-configuration","bmb","bmb/workflows/create-workflow/steps/step-03-tools-configuration.md","a0f7748910bb30885f11e8a6718594a6e04690f6085c10cf57d15e651c30f837"
"md","step-04-apply-changes","bmb","bmb/workflows/edit-agent/steps/step-04-apply-changes.md","285f54f506aa4fbedcb7e398957892dd15d5182a2d93568ce184674f392157e9"
"md","step-04-commands","bmb","bmb/workflows/create-agent/steps/step-04-commands.md","d78e8b3fae47f66d0855b00602e79e92a9a5965cd369e23d0aa55043a81990e6"
"md","step-04-file-validation","bmb","bmb/workflows/workflow-compliance-check/steps/step-04-file-validation.md","2eabb99d62bf336f051fa605d8d4e5193c1f26d226af5920fa92f24c157604bf"
"md","step-04-plan-review","bmb","bmb/workflows/create-workflow/steps/step-04-plan-review.md","6aa0c637c15ee8608cba83ed7e39b2a07fa1c1f390de44f44034a2f55e937a23"
"md","step-04-strategy","bmb","bmb/reference/workflows/meal-prep-nutrition/steps/step-04-strategy.md","2fce1d89a3dbe46998fc5d29c7e730b4b94e232d6372a1a9761c13b975bf1c4b"
"md","step-04-strategy","bmb","bmb/workflows/create-agent/data/reference/workflows/meal-prep-nutrition/steps/step-04-strategy.md","97f15f98270ee7ab5328eff7190d3bbd442e41022af69ea560d8ec53ecfa2381"
"md","step-04-structure","bmb","bmb/workflows/create-module/steps/step-04-structure.md","5cd852bd92027e15d050f35e058d71cc084e4eefc26b70c1d26a29a18e316005"
"md","step-04-validate","bmb","bmb/workflows/edit-workflow/steps/step-04-validate.md","5feabe062096c8b5ec39fd44ab2cb1235b3d40e2d4b246539dbdf0a6b1a3cd67"
"md","step-05-compliance-check","bmb","bmb/workflows/edit-workflow/steps/step-05-compliance-check.md","54f00f8c1eec0bbe098c1db2567ea8a4ea302392b0b2f7a154ba2bff15fde142"
"md","step-05-config","bmb","bmb/workflows/create-module/steps/step-05-config.md","b4ef8a12d7e4094bd6c808d070b1caf84e6914d5e231c1bccc75fc732384f1c0"
"md","step-05-intent-spectrum-validation","bmb","bmb/workflows/workflow-compliance-check/steps/step-05-intent-spectrum-validation.md","6c445cff2e705d5b7b872e7e5ce9b70423aefefe6e7e73e8fe0c98697a0dc37c"
"md","step-05-name","bmb","bmb/workflows/create-agent/steps/step-05-name.md","85f4e922a54ef9115f82d063026bb390145798b9b9525330c7661b9107c75bfb"
"md","step-05-output-format-design","bmb","bmb/workflows/create-workflow/steps/step-05-output-format-design.md","958cff1585de72c0cd8a40d3a736f5531341542423f4f608f863b81c0dae44c7"
"md","step-05-shopping","bmb","bmb/reference/workflows/meal-prep-nutrition/steps/step-05-shopping.md","304caba1a07cba38379ef0304bf8856b84bffa4d527b0e0f8b8579d051a63721"
"md","step-05-shopping","bmb","bmb/workflows/create-agent/data/reference/workflows/meal-prep-nutrition/steps/step-05-shopping.md","c6aa17a668fd6b9a46498171ded7eca702e02b4c715626c04892861ba7a227f4"
"md","step-05-validate","bmb","bmb/workflows/edit-agent/steps/step-05-validate.md","74a1208977398d9c176b7e501ccbfedc64b99e679e80b0e0b445656358b152b0"
"md","step-06-agents","bmb","bmb/workflows/create-module/steps/step-06-agents.md","cc5605eaf7cd63f93444cfe41ba4351beafc171e6a4ce2749becfd5fe55ca23a"
"md","step-06-build","bmb","bmb/workflows/create-agent/steps/step-06-build.md","65f4c219ae7299cfa3e7b7069b748cb45d0137586e2fa0ff71a75cdf52efbbb9"
"md","step-06-design","bmb","bmb/workflows/create-workflow/steps/step-06-design.md","8eb0ca25d5b1cee3e3841c028afe29ac0ad16cceda60cd8077d288ad82e64422"
"md","step-06-prep-schedule","bmb","bmb/reference/workflows/meal-prep-nutrition/steps/step-06-prep-schedule.md","6157f8ccac30a80e19997f45bdb913195a2496894196fdd15d58ff870e4373f1"
"md","step-06-prep-schedule","bmb","bmb/workflows/create-agent/data/reference/workflows/meal-prep-nutrition/steps/step-06-prep-schedule.md","945bf9653e1324fd0cefbed8a2041988ee33c132553f05d64b359b1af4b8a4aa"
"md","step-06-web-subprocess-validation","bmb","bmb/workflows/workflow-compliance-check/steps/step-06-web-subprocess-validation.md","6270d66671cb3b552d801c6a560b4ab5bf4c173d8d623850c54179b87256c0d2"
"md","step-07-build","bmb","bmb/workflows/create-workflow/steps/step-07-build.md","51a2c0a6a4ae49a94e8df23d4bc13fb396667c2a6c59f21943cd2a15ea66afc0"
"md","step-07-holistic-analysis","bmb","bmb/workflows/workflow-compliance-check/steps/step-07-holistic-analysis.md","bc02ce0daf0ccc290399476084d41a5a1491725f20dd627cec444e356d5413b4"
"md","step-07-validate","bmb","bmb/workflows/create-agent/steps/step-07-validate.md","ec299816623ab3b4f56bc22310df67c5702ec6b085e718257d58f9f894bee6b9"
"md","step-07-workflows","bmb","bmb/workflows/create-module/steps/step-07-workflows.md","ba1f730715f14923ce09fe0a8c31a3ebd849a883bea0ed2bcec8dbae7d9b7328"
"md","step-08-generate-report","bmb","bmb/workflows/workflow-compliance-check/steps/step-08-generate-report.md","ae8cf1bfe77cc771199357a534d992d3e7fb632ca2caca744969617d21d2e5e0"
"md","step-08-installer","bmb","bmb/workflows/create-module/steps/step-08-installer.md","b8add180e1fcc69e2341142deaf2cfa9ee488dd1f271dceb2bc66dc9cf82c2b4"
"md","step-08-review","bmb","bmb/workflows/create-workflow/steps/step-08-review.md","00a7cb4391612d22f6027ead00861b10d3134fb9632f9953f3d1e066ac3bf4e8"
"md","step-08-setup","bmb","bmb/workflows/create-agent/steps/step-08-setup.md","a516673fde0588a65c84044d934d5f1526e91a7b0a6a00f92a398efc41b33f89"
"md","step-09-complete","bmb","bmb/workflows/create-workflow/steps/step-09-complete.md","e06bda773f2f3fd5ea02e0f73d4fd06dc73ed1ca3ae2f44633a8abf1a95072c4"
"md","step-09-customize","bmb","bmb/workflows/create-agent/steps/step-09-customize.md","8fbb181e8cf0b072d47ad5e71898b2d0f705125bb493471fe61ab12063ccaac8"
"md","step-09-documentation","bmb","bmb/workflows/create-module/steps/step-09-documentation.md","cee8ed53defe9e463cef954226f6a8c54fb0e830f8e975ece0f5cf20a503c572"
"md","step-10-build-tools","bmb","bmb/workflows/create-agent/steps/step-10-build-tools.md","f9fb08dfcd94ca01ffff32343e0a31043221fabd1017e678dc5ff6666c0113d8"
"md","step-10-roadmap","bmb","bmb/workflows/create-module/steps/step-10-roadmap.md","cc478b829054cd05ea0d7ed5d2e8f5de80def104e2806f793ef2e93dd6b70a6a"
"md","step-11-celebrate","bmb","bmb/workflows/create-agent/steps/step-11-celebrate.md","5eed24a148322d2a4d21e59fa8a425d0143aa8f3373e373e3d6038d4ab44cef4"
"md","step-11-validate","bmb","bmb/workflows/create-module/steps/step-11-validate.md","d1e64cf242b02fc564fed0d9714d9991e80c6c70d4cf2008847a18ce59d94468"
"md","step-1b-template","bmb","bmb/docs/workflows/templates/step-1b-template.md","6401a4b08159e0af736d9ddf65cef036558c3f11dd23db58cc6de7d6a15ae323"
"md","step-file","bmb","bmb/docs/workflows/templates/step-file.md","1823bf6556f0de1fa7a3dbba5ae97f30b396db8f76dde9cc6bfc934f29b55ec9"
"md","step-template","bmb","bmb/docs/workflows/templates/step-template.md","c9ee4e80e141ced84b0097a6c7ace5ccba3992c4082495e6fad90685ebcf4cd9"
"md","strategy-section","bmb","bmb/reference/workflows/meal-prep-nutrition/templates/strategy-section.md","81c09a3c806fe2a559f8079157b3407d6e85a8123af592ce99510fdf763f23cd"
"md","strategy-section","bmb","bmb/workflows/create-agent/data/reference/workflows/meal-prep-nutrition/templates/strategy-section.md","81c09a3c806fe2a559f8079157b3407d6e85a8123af592ce99510fdf763f23cd"
"md","template","bmb","bmb/workflows-legacy/module-brief/template.md","92902dab599c4aed7f36cc61d01359deaece1362ed237b2840880f2f02e8363d"
"md","terms","bmb","bmb/docs/workflows/terms.md","c2fe00854057e3b1b755fcf3b7564c27bcfb991cb8f9272cb49c15ad7a57977e"
"md","understanding-agent-types","bmb","bmb/docs/agents/understanding-agent-types.md","7ef8dfdd8006ee74d8bcf0194f1ccf883358d198939c8d85fbe17fa6368b75b6"
"md","validation","bmb","bmb/workflows/create-module/validation.md","cc82b604e650b9999825d2a62500ea3e7be46d56246a0fb28e92cd236d854015"
"md","validation-complete","bmb","bmb/workflows/create-agent/data/validation-complete.md","1bd10f5a8a99aad77ad9820e1f845cba55cb8e0b4f842114dbef63f9bfc20625"
"md","validation-results","bmb","bmb/workflows/edit-workflow/templates/validation-results.md","7462dddf17e1d5470f00c72753f48754136806c90843cc5e580ae45c358a80c5"
"md","workflow","bmb","bmb/docs/workflows/templates/workflow.md","8563febf2c18be3d1d399152d39da3bd91647b2de1bf4b5796a10ce715332a47"
"md","workflow","bmb","bmb/reference/workflows/meal-prep-nutrition/workflow.md","cbbc439d7abb9f3600a9780a72729a1fccba928c25657671f8aa36ac0b5806d3"
"md","workflow","bmb","bmb/workflows/create-agent/data/reference/workflows/meal-prep-nutrition/workflow.md","822fa8bddef527a7911dbcaef600dab8a19e02e2fe606e528cdc839d1c4926e9"
"md","workflow","bmb","bmb/workflows/create-agent/workflow.md","3c168eb4347cda1141006df04e62606a55d94d35a05f9852469950da67854a11"
"md","workflow","bmb","bmb/workflows/create-module/workflow.md","c2177db22d2e8962b1a15fd6d44648beebddf048715c2966603e139a158857ed"
"md","workflow","bmb","bmb/workflows/create-workflow/workflow.md","bd9d95bd634c7043201def376166af780f33327c45047a43398d255a7788947e"
"md","workflow","bmb","bmb/workflows/edit-agent/workflow.md","627d5031a6697f4819cf3a8113ff5a33cfb22aa73fe258c61eee31870136b07c"
"md","workflow","bmb","bmb/workflows/edit-workflow/workflow.md","3e112ba80b47d9b293063f1e55a0bc5bc6f8555367b10acf6086c1f7a391f3fb"
"md","workflow","bmb","bmb/workflows/workflow-compliance-check/workflow.md","8f9e07d4e6eb33d31e77946405fb9b11317f93a19a65bbadbfcb15f3bbb05448"
"md","workflow-analysis","bmb","bmb/workflows/edit-workflow/templates/workflow-analysis.md","1de04b3f7c23d0f2d458414a80736194604014bb3eba0066ed36fa86a611105e"
"md","workflow-plan-template","bmb","bmb/workflows/create-module/templates/workflow-plan-template.md","028fa6f28da62e7841578a3e9c9b429633569e8aa7dd0337822cebd99d026465"
"md","workflow-template","bmb","bmb/docs/workflows/templates/workflow-template.md","780719b9e090c02a9000aa70fcde99f6bb370c572508505930346a79f8eedc0c"
"yaml","config","bmb","bmb/config.yaml","5256a30a18ab1d5808e794c2aa359401077abf9468930298c2602f97438e0147"
"yaml","module.template","bmb","bmb/workflows/create-module/templates/module.template.yaml","794ff0bbaf12ed8a8588ff03425d7c3a01e402ccdd00f373c0c541d421cd938b"
"yaml","workflow","bmb","bmb/workflows-legacy/edit-module/workflow.yaml","8676fec06187d0d7731260d3c96853a6c8bd09cac69d9ce3d22fef15b703d768"
"yaml","workflow","bmb","bmb/workflows-legacy/module-brief/workflow.yaml","0810f6700cda9b3ffca693348cd923f205569aa5a5f35602f03257118b68b91d"
"csv","default-party","bmgd","bmgd/teams/default-party.csv","ab40c780e7c37dd750e44c93fe54e8933d08b1036953320d66b0e6994403713a"
"csv","game-brain-methods","bmgd","bmgd/workflows/1-preproduction/brainstorm-game/game-brain-methods.csv","f6fb96d2134a941ad0dd6cbdcb7bdcc01b7c04b1009e196cf859fc330f843bdb"
"csv","game-types","bmgd","bmgd/workflows/2-design/gdd/game-types.csv","4f4a61090a084188178340aa08edaa8f3a08029bac7f01f23f228723b9524a59"
"csv","pattern-categories","bmgd","bmgd/workflows/3-technical/game-architecture/pattern-categories.csv","490bb6b7d5abfd5c1b20dca04399870c030b5d5d2db7148621d43f08044616e8"
"md","action-platformer","bmgd","bmgd/workflows/2-design/gdd/game-types/action-platformer.md","f711632d2a1067243347cfa5686488377421b8a0337e32ab06031c7d1051cb76"
"md","adventure","bmgd","bmgd/workflows/2-design/gdd/game-types/adventure.md","2a242677235821099af6adcfc4a17dbeabe9ad914fb5c4599eab4f8691c86402"
"md","architecture-template","bmgd","bmgd/workflows/3-technical/game-architecture/architecture-template.md","8af47cd86e625a87836f88c2b8b158c7c61079562ca03d361a46888c06bf098f"
"md","backlog_template","bmgd","bmgd/workflows/4-production/code-review/backlog_template.md","42c4a61b30a8d1bfc670934db31622097b679ceee80f7744de823a77fa6ccd42"
"md","card-game","bmgd","bmgd/workflows/2-design/gdd/game-types/card-game.md","63a72a7cd8e9c15ff0778ca2af49ee146daf7a8d0772f83afc6e8421b088b1fd"
"md","checklist","bmgd","bmgd/workflows/1-preproduction/game-brief/checklist.md","ddb4129f1f7474f25e78a4836410d6b3432ee5c6344414647ce3c8c3af1c56f5"
"md","checklist","bmgd","bmgd/workflows/2-design/gdd/checklist.md","43da9cadbca5dc6a18f998560ac85cb471ebf265ed1fc292b30b5e5046f424a2"
"md","checklist","bmgd","bmgd/workflows/2-design/narrative/checklist.md","e780d2703a61e6f9b6bdf0d624671140a9b93e42cdf9dcd521f41d5a7be9f967"
"md","checklist","bmgd","bmgd/workflows/3-technical/game-architecture/checklist.md","2608f4ad4f5852825b74349f5f2f7d81376549117a159d3ed9bd739b03afec7c"
"md","checklist","bmgd","bmgd/workflows/4-production/correct-course/checklist.md","961124b78fc7c26845906b2df7ee4d608c6ef6ecf91f56f9d12b688a0941fc6a"
"md","checklist","bmgd","bmgd/workflows/4-production/create-story/checklist.md","7bb9d3a0b6c612bb5194bfa91187361e39c47a0ea485cb4b31ab5d6396aa38d8"
"md","checklist","bmgd","bmgd/workflows/4-production/dev-story/checklist.md","3aa8e1ab8ed440d56c43218f705993748fe4725a84d514ada19689cef786e41a"
"md","checklist","bmgd","bmgd/workflows/4-production/epic-tech-context/checklist.md","786e432de2182f96c468ad3aea2e009bc90b402cf47da1de9774907542d4b431"
"md","checklist","bmgd","bmgd/workflows/4-production/sprint-planning/checklist.md","cc4f8e9411dbf9e644333790f867d74027aae3721cbc7f11d574536bf903a0aa"
"md","checklist","bmgd","bmgd/workflows/4-production/story-context/checklist.md","2fa22240b9c6eb716b35e99f25be3d84adfc134466dee75b75b5aa4a46263843"
"md","fighting","bmgd","bmgd/workflows/2-design/gdd/game-types/fighting.md","a3da81cf6924927931eb7338753ae8a03028a7e5e26a31428c737a151e02950f"
"md","game-context","bmgd","bmgd/workflows/1-preproduction/brainstorm-game/game-context.md","d362430b87dfe8a9b8c3bf9ae6820235b0d46bbed326591cbb58acdb5ff70640"
"md","gdd-template","bmgd","bmgd/workflows/2-design/gdd/gdd-template.md","791dfdf0ac71a2e249984c07ca47938dcc2c602c935547124cb1eeccd3d1fbaf"
"md","horror","bmgd","bmgd/workflows/2-design/gdd/game-types/horror.md","7ae5d591692bf36b014da7ca3b9683d6dfe744e9a85915bc18b8e8639122a2aa"
"md","idle-incremental","bmgd","bmgd/workflows/2-design/gdd/game-types/idle-incremental.md","410e8aa9473ef6189bc550de4721336ae3a9a1a82663388a9cea2a42726bd908"
"md","instructions","bmgd","bmgd/workflows/1-preproduction/brainstorm-game/instructions.md","fc54573c63bc78a11cf6152fa948ef117015bbb86308a14b4eb8a3b04de3302e"
"md","instructions","bmgd","bmgd/workflows/1-preproduction/game-brief/instructions.md","83eab78a7955c96bd1280b55ff4a2c6f1c4d01cbf72cb909b4038ecacdcc5436"
"md","instructions","bmgd","bmgd/workflows/3-technical/game-architecture/instructions.md","bab6014d5bb5f46be9e2ed7ca2ecaeef582f1e80e294c1ee6af34efee9e56e6a"
"md","instructions","bmgd","bmgd/workflows/4-production/code-review/instructions.md","6de456623387c19ccebb59898cfb2825e0e1a9378dce6c1ed3bbcaec10f0a59c"
"md","instructions","bmgd","bmgd/workflows/4-production/correct-course/instructions.md","d5f53d7746d49d889ce1f41610ad9b87ac867dfcfbce89f63198e7f902144dab"
"md","instructions","bmgd","bmgd/workflows/4-production/create-story/instructions.md","e80e8c967359f199cfe3f45c1ea1f4fdffa0e0ffa257e2f0730843b2e1062950"
"md","instructions","bmgd","bmgd/workflows/4-production/dev-story/instructions.md","59cb840e1e39af27967914b39092716957b9d1306854caecc6c6a87ccc1ecb52"
"md","instructions","bmgd","bmgd/workflows/4-production/epic-tech-context/instructions.md","9688a080c7492187e68fea8ee4ecaaeea6181e84c5118a6ef01242c26526ccb0"
"md","instructions","bmgd","bmgd/workflows/4-production/retrospective/instructions.md","968cec6d9c8305525c72950fdbec11160f23220dd0c01a9922cf9e6ecc5dff59"
"md","instructions","bmgd","bmgd/workflows/4-production/sprint-planning/instructions.md","2c137b932e47e1fec8bfb2070519f403ae87d0e410715af1e00c704748cfdd0e"
"md","instructions","bmgd","bmgd/workflows/4-production/story-context/instructions.md","66cda42b8536fffe908a2fc70d3cd517140aef4545b1024307c32b0164e2bfc3"
"md","instructions","bmgd","bmgd/workflows/4-production/story-done/instructions.md","cc1e813cb0d6f1758170e2f68ac5e5f7a432f5eb8d53fd72111843b01213ee91"
"md","instructions","bmgd","bmgd/workflows/4-production/story-ready/instructions.md","5bdac66190ef1af1533f674865eebce3b1f0720e90282691209996ebbc0b54f9"
"md","instructions-gdd","bmgd","bmgd/workflows/2-design/gdd/instructions-gdd.md","453f2d4ea5f10f2a7d370a8e8bb1d915e5c2d6af91df6c70746d334bde2c71c5"
"md","instructions-narrative","bmgd","bmgd/workflows/2-design/narrative/instructions-narrative.md","aad29302d376fe853b4ace45af4cdad405ff5bec8032861e8fb2ec14a0ee7dc4"
"md","metroidvania","bmgd","bmgd/workflows/2-design/gdd/game-types/metroidvania.md","2faa33591d6bac3c0e8c4cafe823d94b9f5f9236a1c22d38683fdb784c156b85"
"md","moba","bmgd","bmgd/workflows/2-design/gdd/game-types/moba.md","9871adb9aacf4e503f4f339e5028a30ca16916e53770038c5568eb13f961acbb"
"md","narrative-template","bmgd","bmgd/workflows/2-design/narrative/narrative-template.md","e12110346082ed4cbd444fce0ba0e1cc5c074dfd72ce503f00ce4df24bbf3ef3"
"md","party-game","bmgd","bmgd/workflows/2-design/gdd/game-types/party-game.md","7de09c182571046e25d2f4c4bdaa8a1dd2a96c8a50606bcf253ed8ba370ddae1"
"md","puzzle","bmgd","bmgd/workflows/2-design/gdd/game-types/puzzle.md","0e127487feb570735f166a7e51ecbdd69d7cb7de73439c62ef5e87b6e5b6b8f9"
"md","racing","bmgd","bmgd/workflows/2-design/gdd/game-types/racing.md","e2c21ad6ae9bfdf1a309dc5a3ba3390dfb7de9a98bdfb4d7723e2c04750c9878"
"md","README","bmgd","bmgd/README.md","3ced71b626dc3ea5d5572ef857a981585dbc52372773013ea06680b259e9fcbe"
"md","rhythm","bmgd","bmgd/workflows/2-design/gdd/game-types/rhythm.md","099462e504db8de6fe4e6176a2e0667a2beb3700147d733a4e5a44f7aba4d9d1"
"md","roguelike","bmgd","bmgd/workflows/2-design/gdd/game-types/roguelike.md","13db5439305b6f8c5a985839552326ca0da359d861251b10f7585b7f123a848c"
"md","rpg","bmgd","bmgd/workflows/2-design/gdd/game-types/rpg.md","861d9a803a43e4b95f048a0ff274ef56dbbfb8d83fea696237814731ae13e4f4"
"md","sandbox","bmgd","bmgd/workflows/2-design/gdd/game-types/sandbox.md","404b16e49aefdeda1e022a07fb680a1584c0e1a00ddda003e80eab748e01d270"
"md","shooter","bmgd","bmgd/workflows/2-design/gdd/game-types/shooter.md","185d8722cf25471768440921b7b5bdca8bf58464358bd50556811fa0746e3e0c"
"md","simulation","bmgd","bmgd/workflows/2-design/gdd/game-types/simulation.md","bbb0c3dd09cb4289c2d297aeb49d1b0261151037dd8728fddee8ab7683bfc995"
"md","sports","bmgd","bmgd/workflows/2-design/gdd/game-types/sports.md","f2f582cd89412e803f9714e5f44ee9854ed2d1a2debd588900fc1792756057b7"
"md","strategy","bmgd","bmgd/workflows/2-design/gdd/game-types/strategy.md","3b453b6e3a70d65ec2428bf53195edcb5c3f194341110f4034d55c9707fac65d"
"md","survival","bmgd","bmgd/workflows/2-design/gdd/game-types/survival.md","524f50b6929bab7b10dbcc2437002cb79139188594e6d17ceb7abecd76e8b295"
"md","template","bmgd","bmgd/workflows/1-preproduction/game-brief/template.md","f2c83b06e8e403bb946de0bed6e4245c66e3b0202d9790432f56319cb8b661be"
"md","template","bmgd","bmgd/workflows/4-production/create-story/template.md","d6985b05178ce3e4ac140e9cccda0e5b2a8cf07893e4ce5aed51c9f7434350ad"
"md","template","bmgd","bmgd/workflows/4-production/epic-tech-context/template.md","5b408e7d50056e91e2a27d8508f7c3b2bec11123c4b16a508cdad8137d56c09b"
"md","text-based","bmgd","bmgd/workflows/2-design/gdd/game-types/text-based.md","96c1d8cd99377cbebb873c5d660534f7fbfb848f503511eb24a25fe1e25ab4bf"
"md","tower-defense","bmgd","bmgd/workflows/2-design/gdd/game-types/tower-defense.md","c53a3bcb028d93bede1926d4c4b32a84321fe0ab5238974fe855e86631030b70"
"md","turn-based-tactics","bmgd","bmgd/workflows/2-design/gdd/game-types/turn-based-tactics.md","5438cbf5fc800facfe724651821ba851231ccb1e26cd83ab658ead9a012c695d"
"md","visual-novel","bmgd","bmgd/workflows/2-design/gdd/game-types/visual-novel.md","c069fdf5a0bc18a129cf4ce1362e1b67b627943a0e40bdf46730e92202ea797a"
"xml","context-template","bmgd","bmgd/workflows/4-production/story-context/context-template.xml","afc0df12c28b955773de8672fd2ec9b84c7036aa4d94366318dc58a5e7ab0d3c"
"yaml","architecture-patterns","bmgd","bmgd/workflows/3-technical/game-architecture/architecture-patterns.yaml","58e1997a396eaf9dc0511661fbab58f508634483931f590b2db92844e32811bd"
"yaml","config","bmgd","bmgd/config.yaml","4882cd799f467b1681ff393cb53ff22b1d7922caef80011695d4ac0c0fb2b7c2"
"yaml","decision-catalog","bmgd","bmgd/workflows/3-technical/game-architecture/decision-catalog.yaml","6e8e7b5ada527e0b08b1118385be77d118fecb16bc22c2f25b9d179b72e3172b"
"yaml","sprint-status-template","bmgd","bmgd/workflows/4-production/sprint-planning/sprint-status-template.yaml","092c729d1616a1c53ffd2251b0776370e4d7ad1510ec6f3b4894e96c119eef4d"
"yaml","team-gamedev","bmgd","bmgd/teams/team-gamedev.yaml","4620809731a863d73d61aba00d4e4fff72185fbacebe2e788471a5ac7accecab"
"yaml","workflow","bmgd","bmgd/workflows/1-preproduction/brainstorm-game/workflow.yaml","4edbeaf12d97639f8556958c8f1a25b20f7c5ec08e9451a9f79a2add7be056cd"
"yaml","workflow","bmgd","bmgd/workflows/1-preproduction/game-brief/workflow.yaml","5c988ae49e421ec61b18522b4bc3b7e6653c18e94978b5cd7dace699eb945dc8"
"yaml","workflow","bmgd","bmgd/workflows/2-design/gdd/workflow.yaml","8cb3d9f4628d8500acba66a735aebf0dfd1ef6f4ed3f171fd7c104418174d79d"
"yaml","workflow","bmgd","bmgd/workflows/2-design/narrative/workflow.yaml","3b1483507c5ed065c9fe4691dcd44a5a64eecbfff63c14fa4cabc7287968accd"
"yaml","workflow","bmgd","bmgd/workflows/3-technical/game-architecture/workflow.yaml","91c0bd05eec33dfc8193cdfd09731373acaf6f912489d1be8105b521cf6abb01"
"yaml","workflow","bmgd","bmgd/workflows/4-production/code-review/workflow.yaml","4e2276444f4c2ce3e492c017991b0b69dabf6632981162020078f2de60fe0f1e"
"yaml","workflow","bmgd","bmgd/workflows/4-production/correct-course/workflow.yaml","cf2ca599add12b16a84b7529f1669e626d8803a04f812710b432a90f9cbafcf4"
"yaml","workflow","bmgd","bmgd/workflows/4-production/create-story/workflow.yaml","a8a250872b687f01978863b27134aaf8a7ee065c5f74fd858716f29bc23657a1"
"yaml","workflow","bmgd","bmgd/workflows/4-production/dev-story/workflow.yaml","1d51911888f7a36437ba41cfe8349ded6d652bc5d71098e321b84b3581c78a54"
"yaml","workflow","bmgd","bmgd/workflows/4-production/epic-tech-context/workflow.yaml","079d68738ff505a095b49e0b08fc41fd0ff3ecda0336c3808c8835dac2622c5c"
"yaml","workflow","bmgd","bmgd/workflows/4-production/retrospective/workflow.yaml","40ddaae08efe21e309beb546527d4a8606386cc045e7b373c1b22191a9f2e76e"
"yaml","workflow","bmgd","bmgd/workflows/4-production/sprint-planning/workflow.yaml","9f8b483abdfcf68958d773dededc670458e265f4edf3733a4e665676b271df09"
"yaml","workflow","bmgd","bmgd/workflows/4-production/story-context/workflow.yaml","7a02dc3f90555297b017a4962d264741a8e3d0632ab76bed314b881c231f93f3"
"yaml","workflow","bmgd","bmgd/workflows/4-production/story-done/workflow.yaml","9ce5a748bd9f36dbb4700e31ab894275e5a78101f996ecd05a9b1fe2f255095d"
"yaml","workflow","bmgd","bmgd/workflows/4-production/story-ready/workflow.yaml","229bc774e7882a7f464121339d147d7404c91f4fe5766ae9b767d262d2acd1e7"
"csv","default-party","bmm","bmm/teams/default-party.csv","630635c10c15c8a4f249c216a4a0bd38d25944b3a05c43b3d2c5f468bdd7c567"
"csv","documentation-requirements","bmm","bmm/workflows/document-project/documentation-requirements.csv","efc91d54787939a2dd2c22400e6b9b6f58835a741ea557e8971b5b333ce666e8"
"csv","domain-complexity","bmm","bmm/workflows/2-plan-workflows/prd/domain-complexity.csv","b74c413a885918ef62f90d61889e4e8c64aea3d26d357c6b1cc5054092274783"
"csv","domain-complexity","bmm","bmm/workflows/3-solutioning/architecture/data/domain-complexity.csv","330804ddc10a3d3d57308bc11771073705d67f2139ee7cb519ccd7ebd92f8e29"
"csv","project-types","bmm","bmm/workflows/2-plan-workflows/prd/project-types.csv","2ea18a3e100f51cf26f0311949e7b7f76c6005e85271df0afd8d1b5632faaf57"
"csv","project-types","bmm","bmm/workflows/3-solutioning/architecture/data/project-types.csv","a2ae4c8f0b8f2dcfe8d6b71588e79dcfa209b54abb51e83382c483dc8a8f1683"
"csv","tea-index","bmm","bmm/testarch/tea-index.csv","4dd16c0db1c4c135808d9acb05432b315dd25b442b7806aada03639ca381323f"
"excalidraw","workflow-method-greenfield","bmm","bmm/docs/images/workflow-method-greenfield.excalidraw","54e41b94e2ff2b7e7c8492f9199b355f9631aace76022c094d6fb4b6e6cb5889"
"json","excalidraw-library","bmm","bmm/workflows/diagrams/_shared/excalidraw-library.json","4c00ec7431643aad652c91ce6f655882fffa3a99da1a8c810c226490560f24a5"
"json","project-scan-report-schema","bmm","bmm/workflows/document-project/templates/project-scan-report-schema.json","4c27adf9407907f31150d03d233f782f165aae9f754ecfa5532d0eed36c8bc94"
"md","agents-guide","bmm","bmm/docs/agents-guide.md","d0673b19f3753f05d7a1c2bfa0f8a20c0f3bc44182b0292f8913a9f2fb40f44b"
"md","api-documenter","bmm","bmm/sub-modules/claude-code/sub-agents/bmad-analysis/api-documenter.md","34e5dc7ba546dd3ffd9de2af581e0b7b73ba898d8c90293a65b9bbcc87ee5933"
"md","api-request","bmm","bmm/testarch/knowledge/api-request.md","33ad7ae30177c9887f1386f8eed977eac3cf13410c0ecb449914baecfc0195ae"
"md","architecture-decision-template","bmm","bmm/workflows/3-solutioning/architecture/architecture-decision-template.md","5dbd9b0a8d27f5e025eb8b98343f7f917df73dcbd304e027d432ea1f1f02e5b2"
"md","atdd-checklist-template","bmm","bmm/workflows/testarch/atdd/atdd-checklist-template.md","83fb53c25252d8e5d108ab4bde026e5305cdea4d5a9252ef18e9687dda36e2ee"
"md","auth-session","bmm","bmm/testarch/knowledge/auth-session.md","e4f2f7f57e4c818c03aff084be6f6ceb7eb8bb08d0ba9fe5196423f592fbbd50"
"md","bmad-quick-flow","bmm","bmm/docs/bmad-quick-flow.md","8de7e61287bc9e75b34dc071f4bf040648eefa8d7d6cbc5d258a307afdb80ad2"
"md","brownfield-guide","bmm","bmm/docs/brownfield-guide.md","88599bfa12c6095ab764e2607121c8d0ee649afd4702307975141d312e8a8386"
"md","burn-in","bmm","bmm/testarch/knowledge/burn-in.md","e2d9e0f3a1072f24f07d0dc555af1e2e7c632257acf9bc9f957aba33e70483ec"
"md","checklist","bmm","bmm/workflows/4-implementation/code-review/checklist.md","dce9eaefa805082b447b2db3cef98cba72d71eb9fae62c7ebd5c0760340134cb"
"md","checklist","bmm","bmm/workflows/4-implementation/correct-course/checklist.md","961124b78fc7c26845906b2df7ee4d608c6ef6ecf91f56f9d12b688a0941fc6a"
"md","checklist","bmm","bmm/workflows/4-implementation/create-story/checklist.md","9b5802a83bf375526b702726d78c5304443b381ec134d30ee588662064c625d6"
"md","checklist","bmm","bmm/workflows/4-implementation/dev-story/checklist.md","92c016af009753dd0d09100ab817692ee1fe32d8a1aafdb9129d31ca4e969fd1"
"md","checklist","bmm","bmm/workflows/4-implementation/sprint-planning/checklist.md","cc4f8e9411dbf9e644333790f867d74027aae3721cbc7f11d574536bf903a0aa"
"md","checklist","bmm","bmm/workflows/bmad-quick-flow/quick-dev/checklist.md","9cbe1c88f133aba49afe71c9e22bdd0af6ddbfe4841787d1d3423a507fea5d2e"
"md","checklist","bmm","bmm/workflows/diagrams/create-dataflow/checklist.md","9ad98c97dae6dfe8f8f691a9f358cdca231a5f816fca116f61c45efade9401db"
"md","checklist","bmm","bmm/workflows/diagrams/create-diagram/checklist.md","1deb56994883395a436d74a20a8e06c14c415b34c178a20bc5b60a30f7cd9e0f"
"md","checklist","bmm","bmm/workflows/diagrams/create-flowchart/checklist.md","13a309faf96c2114bb456b68b12bb96355dfe19a33ef6207fffa1c26e8056585"
"md","checklist","bmm","bmm/workflows/diagrams/create-wireframe/checklist.md","fd6bebe3e678b87bca24cc46b846bbc115d4dc6b08863bb8be54677c71c426a2"
"md","checklist","bmm","bmm/workflows/document-project/checklist.md","baa831e15cdd3f40e286a50caf798ac6dcd76f20b1cf8b01a09f26f2c937b2a7"
"md","checklist","bmm","bmm/workflows/testarch/atdd/checklist.md","10835403aae2bf2f4c90558a139e0d36e07edac71072966a2d54fb4518ca1a98"
"md","checklist","bmm","bmm/workflows/testarch/automate/checklist.md","034025f155c51cc8ce970041b34720996b8a7232991a36ea378e229b4ebf855c"
"md","checklist","bmm","bmm/workflows/testarch/ci/checklist.md","6d5b8db74a03066cac04d8faab81c67bf6247aac3b36cec544b6dd1847a023c2"
"md","checklist","bmm","bmm/workflows/testarch/framework/checklist.md","4b6701e337d74e69bf66149b6f885940076756b67b26928454d706a0a1d380b2"
"md","checklist","bmm","bmm/workflows/testarch/nfr-assess/checklist.md","cd3a06a4c36557f28d93fb78766c96fb39db57c399187a26f056ebd63ef7de74"
"md","checklist","bmm","bmm/workflows/testarch/test-design/checklist.md","e1209bd44650f15b7b872d59a1c8066911bed5062f44e73baa78fb9289a32587"
"md","checklist","bmm","bmm/workflows/testarch/test-review/checklist.md","4513e00ce1966b81432b494bc5954122851da51b170a3fc55ad3872aec37c929"
"md","checklist","bmm","bmm/workflows/testarch/trace/checklist.md","58d75317202230e58e43adb9b711f2bba4a5e0ea1ad5c1ab4b8a9064ed007625"
"md","ci-burn-in","bmm","bmm/testarch/knowledge/ci-burn-in.md","ab44deb365af6f84960407ed9be6f8e6d98e8c5d038b89afa722b2c093d73cf6"
"md","codebase-analyzer","bmm","bmm/sub-modules/claude-code/sub-agents/bmad-analysis/codebase-analyzer.md","6b9bc9cc85aa0c71a867ffdf861375eda7772e7a1afa8fe513d7efa408ba681d"
"md","component-tdd","bmm","bmm/testarch/knowledge/component-tdd.md","1acb4c48b2f924f60ed6784955597c17120466d5dc24d2e43e4b0a1bd0e61aae"
"md","contract-testing","bmm","bmm/testarch/knowledge/contract-testing.md","1d90624821dc9cbbffe41567ec05045b3f5f634c5208ff0151e946520a3d484b"
"md","data-analyst","bmm","bmm/sub-modules/claude-code/sub-agents/bmad-analysis/data-analyst.md","77d9e6b95c2097a821dbbfbb2944f346ff65a577aefad4792a5a5059080592e7"
"md","data-factories","bmm","bmm/testarch/knowledge/data-factories.md","c98dab79a9064d45402dbe0a5c25a1d82b53557c56e3f142023bf907e2b98d53"
"md","deep-dive-instructions","bmm","bmm/workflows/document-project/workflows/deep-dive-instructions.md","6ee83a843f26e4b304fc8831d8a51e67b1f7d5bd9884af7e46ad64c2a4938986"
"md","deep-dive-template","bmm","bmm/workflows/document-project/templates/deep-dive-template.md","2d098bb425f58d1d49ab5c6b7c1a8c92af9271d281bacafe000fed059a1a206d"
"md","dependency-mapper","bmm","bmm/sub-modules/claude-code/sub-agents/bmad-planning/dependency-mapper.md","029078feaaba58ba79018ebf39640665af7ab9c00585316b8c5809a5395f5d35"
"md","document-reviewer","bmm","bmm/sub-modules/claude-code/sub-agents/bmad-review/document-reviewer.md","24435d1983b21d00a7bf66660e3cf6b9e8d11d745a813c7feb155449d850c7db"
"md","documentation-standards","bmm","bmm/data/documentation-standards.md","a6497acb8f313c70bd99b6506a524610730af6148376e98f95db2af22edf76cd"
"md","email-auth","bmm","bmm/testarch/knowledge/email-auth.md","1265f30cdd7b85f164769abf4f6ea86b6abec3acd90653e646a9c9ee17176963"
"md","enterprise-agentic-development","bmm","bmm/docs/enterprise-agentic-development.md","1ef9b6f33ad1093ed3bb978284c2c3260fd5afd9ee2434cdc95240bad1aa1827"
"md","epic-optimizer","bmm","bmm/sub-modules/claude-code/sub-agents/bmad-planning/epic-optimizer.md","23f5444c0edb1e58acf8c895a5c10e25deb5ccd0ae27baf99c6d4b2fa1a5f504"
"md","epics-template","bmm","bmm/workflows/3-solutioning/create-epics-and-stories/templates/epics-template.md","01a447a3035879897661b793ddcdc77beea407b583232a7c6ddf46eabc51c817"
"md","error-handling","bmm","bmm/testarch/knowledge/error-handling.md","86c04dd03ff81340eb99bdfe200f8d6a51c99a2199fb80a0046f9cb312d7c440"
"md","faq","bmm","bmm/docs/faq.md","fca1b67b96e5f7fc01dfa26734cea7e0115143d049ab299b4ded34154a4464cc"
"md","feature-flags","bmm","bmm/testarch/knowledge/feature-flags.md","91d8753aaab3ae974ab9ab5a4651dd39e147fe5ac1b9e74620dd1901efc8e93f"
"md","file-utils","bmm","bmm/testarch/knowledge/file-utils.md","933ad88b4df92b110597456816ae8a3945dc5173b33cadfe6e1d9dc8b1af1274"
"md","fixture-architecture","bmm","bmm/testarch/knowledge/fixture-architecture.md","e578e2164ba7d60818a910242d9bc03413724bae3e8e5a5f03192b3c3076d83d"
"md","fixtures-composition","bmm","bmm/testarch/knowledge/fixtures-composition.md","5031a64c2b00784b9a0dcb18eaf2beb7f9a8a0d7727acfd0e27430b316e696f1"
"md","full-scan-instructions","bmm","bmm/workflows/document-project/workflows/full-scan-instructions.md","c0e8151b7079442c16c2445bfeb574f214d5cd6c83b7ed679c57ca63599c3b32"
"md","glossary","bmm","bmm/docs/glossary.md","b58cb8edc2cf63fde1b4c18ec4a4f3eb6242e4c5fabbb396d7a9cf75b66d12a5"
"md","index-template","bmm","bmm/workflows/document-project/templates/index-template.md","0e077c2d9d9ccb149a64ed82e67914d90571e23696687cf7a08ac5f2a8b18306"
"md","instructions","bmm","bmm/workflows/4-implementation/correct-course/instructions.md","d5f53d7746d49d889ce1f41610ad9b87ac867dfcfbce89f63198e7f902144dab"
"md","instructions","bmm","bmm/workflows/4-implementation/retrospective/instructions.md","a32fe45523d210085b851567ffe53afd0a5ecfa16a2b4d2329a3d3651f9a6ebc"
"md","instructions","bmm","bmm/workflows/4-implementation/sprint-planning/instructions.md","ae1e204ce7b627b70d75da2a6d364c0eeb1d8b594262b5b8b73dba1799fb4984"
"md","instructions","bmm","bmm/workflows/4-implementation/sprint-status/instructions.md","8f287ec8ad91926440323cf9b652330ac6cb80d00f24a251f10dee9297607d21"
"md","instructions","bmm","bmm/workflows/bmad-quick-flow/create-tech-spec/instructions.md","108502c9443b8152f5f4ac4c95af6872f7f551a2652109f0bd9dbb91647e20fa"
"md","instructions","bmm","bmm/workflows/bmad-quick-flow/quick-dev/instructions.md","5bf0e51f28ffaa5d4e6e732b7d30f2b48a42888b9ac93889012903311f1ff736"
"md","instructions","bmm","bmm/workflows/diagrams/create-dataflow/instructions.md","ab9eeaef514c365fde63c2db9391e36dea537eef555a021e5bb23a0c7e476b9f"
"md","instructions","bmm","bmm/workflows/diagrams/create-diagram/instructions.md","398983257a0b8ab7bf31bffd6cca409a4cb82199ba8ef40a46928043a7a5ec92"
"md","instructions","bmm","bmm/workflows/diagrams/create-flowchart/instructions.md","3eeceda348b2d1073cc3c43b531ce660258070d8af361144b9a9871e2995c7b5"
"md","instructions","bmm","bmm/workflows/diagrams/create-wireframe/instructions.md","90a037b3a2a1a4f107af5324fa7ef09f556761346074c3381e03b62ec4627cee"
"md","instructions","bmm","bmm/workflows/document-project/instructions.md","6e8b607965cf0df452c31e8a47cf74ad62e51aef7f2cbe8cf4645b3b2339e4d6"
"md","instructions","bmm","bmm/workflows/testarch/atdd/instructions.md","584e874e3fa8744ea1e66bdc2de9536e2ac25cef28d2e3256456c2f51bf53dff"
"md","instructions","bmm","bmm/workflows/testarch/automate/instructions.md","6526194139fa03b5d91a961946e396f1b8b4bf3d75caad6b7bbd39cfda89f64d"
"md","instructions","bmm","bmm/workflows/testarch/ci/instructions.md","5c8a53448cadcb0a753622ecd04c48e7be32b6c23b6fe481d7c9967dad8a939d"
"md","instructions","bmm","bmm/workflows/testarch/framework/instructions.md","d27d142604902094a35fa7be95e96c7a320670214293380d8cec096b07d12fe7"
"md","instructions","bmm","bmm/workflows/testarch/nfr-assess/instructions.md","87a3b4c3ad2ae8b77b8fcf09778d68f66321911372c91a3741c094c8d9e5e791"
"md","instructions","bmm","bmm/workflows/testarch/test-design/instructions.md","e47109efc57ede036269d352ae8755fbb09f7d4c6807a92641652adb4eef0075"
"md","instructions","bmm","bmm/workflows/testarch/test-review/instructions.md","8f60f58a73e8bae614c506d5bd1bdb04a5a07a21cb632c4140dc7e666da0f5da"
"md","instructions","bmm","bmm/workflows/testarch/trace/instructions.md","cc5f6d9b5a5d973e7f5b81f126e0cd3712effac15819b88eae6f71adf61d2bb4"
"md","instructions","bmm","bmm/workflows/workflow-status/init/instructions.md","2b533ed58ac3caced600db45b85fd6a6813282078b00df3e8e0dc4252bfa7ff8"
"md","instructions","bmm","bmm/workflows/workflow-status/instructions.md","b599b52d7c0763418d5f2041148128e6cb0fbd715fdc0a2f3014630b348a8515"
"md","intercept-network-call","bmm","bmm/testarch/knowledge/intercept-network-call.md","6c731a6ecdf7bab7d04b94afd9be02b2be6ee683754663c387311a15b77ef0a2"
"md","log","bmm","bmm/testarch/knowledge/log.md","ce53ed8940006468610f6fb1ca5b9425267f00da0b962a5041dd726adb2b8ecb"
"md","market-researcher","bmm","bmm/sub-modules/claude-code/sub-agents/bmad-research/market-researcher.md","b7d82fd51b0e606005203bdf563d6dee3f23cf3beeeafc3620c59567fc49925a"
"md","network-error-monitor","bmm","bmm/testarch/knowledge/network-error-monitor.md","a17a37988e73aa50bd73fd4200a5e8aa78b09387987652a3e02a6e07c315cb40"
"md","network-first","bmm","bmm/testarch/knowledge/network-first.md","257fe61ec77020d024f7ddf4f6c5c965f6c4632a469d942278c7337abc8621b7"
"md","network-recorder","bmm","bmm/testarch/knowledge/network-recorder.md","d9e896ca96c04489b06baf75aa813a045cfc69603a9bd7380678b469ed7dea93"
"md","nfr-criteria","bmm","bmm/testarch/knowledge/nfr-criteria.md","5d5f9acfeb6a98f2ef7ee8707bbac3ab37d9c191c443c1e944dee70cf3f9963a"
"md","nfr-report-template","bmm","bmm/workflows/testarch/nfr-assess/nfr-report-template.md","00438049a57791638941b18cb93a1d07ed2a969f5b725ac78ca77be0f06f7d54"
"md","overview","bmm","bmm/testarch/knowledge/overview.md","a5a47d10e854d3951e3e7ab9657d31171ef3633f3739f1539b231a726603f577"
"md","party-mode","bmm","bmm/docs/party-mode.md","1182db8cafd83fae4adf35661322f2b79dbdbde31b9d084cd3fca6d76de69b6f"
"md","pattern-detector","bmm","bmm/sub-modules/claude-code/sub-agents/bmad-analysis/pattern-detector.md","8ebbb124bf6f1f2eda553fd4a84d181dae7153fce8bf394e88a94b71475e98de"
"md","playwright-config","bmm","bmm/testarch/knowledge/playwright-config.md","0aad9401ce1f701925ba05f9bf6ff66c13fdf5d797593486de9d0e74a74cf9cd"
"md","prd-template","bmm","bmm/workflows/2-plan-workflows/prd/prd-template.md","789d02ee98d524bb7f66a6dd60f34ba03da858e4813207a40c86d2bb0f07280a"
"md","probability-impact","bmm","bmm/testarch/knowledge/probability-impact.md","c582f4e681758b8c84ca2de003aa7133913326ac2c398b6c0e802914919b8333"
"md","product-brief.template","bmm","bmm/workflows/1-analysis/product-brief/product-brief.template.md","3a5ff1f17c3c91731dbd488b4fe425a10d6f0740eef3fb9bbe101aa4f9cb0432"
"md","project-context-template","bmm","bmm/data/project-context-template.md","f92d3989081dd47ab2ef976789bed168a057e2d39eafcd0ec7b145fc1c5a348f"
"md","project-context-template","bmm","bmm/workflows/generate-project-context/project-context-template.md","c275d87ace1b07f0081534a4498900f8befdf95c4f16e0f4753a9db23b01a74c"
"md","project-overview-template","bmm","bmm/workflows/document-project/templates/project-overview-template.md","fd1ae5724b19829feb79245b5249c3ebf3cee30d07776939d87c7563e5bf76fd"
"md","quick-flow-solo-dev","bmm","bmm/docs/quick-flow-solo-dev.md","23f938c00c8d0282e74a210c95bbd39bf13e9acea395164156a6fcc1d3bc23ee"
"md","quick-spec-flow","bmm","bmm/docs/quick-spec-flow.md","2e5a9f5eab82f027dc1bb020aa060287211cb2026dfe0182c9dcc32ffa125d8d"
"md","quick-start","bmm","bmm/docs/quick-start.md","b90851a51fa0a667bf9cd7a3a14923d547ab862e5ef07fbc44a5f6913b6e0ae4"
"md","readiness-report-template","bmm","bmm/workflows/3-solutioning/implementation-readiness/templates/readiness-report-template.md","79e63524734308aca3ff4c40fdfaf87521bcea2e94ad0583b47d15915d800733"
"md","readme","bmm","bmm/sub-modules/claude-code/readme.md","f7df4488ca699e1613f4ffe34a5a5ab6ef2108bcbc1c127646968237e98cb6b8"
"md","README","bmm","bmm/data/README.md","6760c1f046dd07fd23b3069baf26133d5c3aae9cf54c615e29f11b4bee000d8e"
"md","README","bmm","bmm/docs/images/README.md","84dd31fcbbec6a988af232f7edf31ab88e010487e895d1d2abb1dacf16b21997"
"md","README","bmm","bmm/docs/README.md","bdd1a8dfed8e3d86ac0aa6015024d9577079f2289b133985ce065dde7cb3c1fb"
"md","README","bmm","bmm/README.md","b997914848293c10faa7ef29adabb1af511c66d2a3e1968895d5bfd30384bd8b"
"md","recurse","bmm","bmm/testarch/knowledge/recurse.md","80b9f14c0ac44acca1b769def48fd3211131a8148b9800b7db78b1ed05928bd5"
"md","requirements-analyst","bmm","bmm/sub-modules/claude-code/sub-agents/bmad-planning/requirements-analyst.md","ca413c0982f294816455e85c8e8440e96017f46f2928608f33e4f84b06fd93ad"
"md","research.template","bmm","bmm/workflows/1-analysis/research/research.template.md","31e387c9d7bb5d1d706f12e00910efebd5e2b8eb0bf8b45248e2e31d5d0f01dc"
"md","risk-governance","bmm","bmm/testarch/knowledge/risk-governance.md","970d014bb18d273f36bd16f4f2faa4ecae653b54928eddb473a499954ed9c074"
"md","scale-adaptive-system","bmm","bmm/docs/scale-adaptive-system.md","7fd4767fd839b664dba2cc624c91ad04b13f2a945dca45f4409980408e99d9c2"
"md","selective-testing","bmm","bmm/testarch/knowledge/selective-testing.md","abe5316924696e5a7dbb68a345b01072ca13894c8d09cd5f77bfe509a7276b5b"
"md","selector-resilience","bmm","bmm/testarch/knowledge/selector-resilience.md","27017332dd7d25c86ef39bbf8aec4ace89ee05bed56b6fdae639078c9e725d15"
"md","source-tree-template","bmm","bmm/workflows/document-project/templates/source-tree-template.md","f0094b1e0a9770c8c408b86f978b660c253fe99affcf2b67e1cf7aa9b40e74cb"
"md","step-01-discover","bmm","bmm/workflows/generate-project-context/steps/step-01-discover.md","b1834480b0eab1c0abd61c690571400ce3c4ddd6702e679bb716da5ae7d18841"
"md","step-01-document-discovery","bmm","bmm/workflows/3-solutioning/implementation-readiness/steps/step-01-document-discovery.md","3803c8087f640c330f8159d5c094548912d158b47446d0a19fda0403926eeef7"
"md","step-01-init","bmm","bmm/workflows/1-analysis/product-brief/steps/step-01-init.md","7e53c7a68f7aec2f5cf06de52b409319fdb91f63140436138213362abf1a594b"
"md","step-01-init","bmm","bmm/workflows/1-analysis/research/domain-steps/step-01-init.md","42b0ba67e2ac0d3d14cc13bfb8b4ede28e94f55cde07a543160c3455dfcd955f"
"md","step-01-init","bmm","bmm/workflows/1-analysis/research/market-steps/step-01-init.md","eb06cd09ef53f673d73ce59194eb7e650e0a4f37cb09ca9ab92b7541d8804a4e"
"md","step-01-init","bmm","bmm/workflows/1-analysis/research/technical-steps/step-01-init.md","d04c53b72497a68654b5e333b0a01b2268fb2c71d288d290857897218e8c6038"
"md","step-01-init","bmm","bmm/workflows/2-plan-workflows/create-ux-design/steps/step-01-init.md","995fb3dbbf149d0dbb3851b1e5115ad6af11ea00915202258593bc6c03a13519"
"md","step-01-init","bmm","bmm/workflows/2-plan-workflows/prd/steps/step-01-init.md","584e7c25d3ffcfa51b63d8b25133fcb1aaaa9726f62dc64ee1a21c3ebefa4a3c"
"md","step-01-init","bmm","bmm/workflows/3-solutioning/architecture/steps/step-01-init.md","978c6ceccd56fd1d0a19ef668fccb62c51ee23122f7c7b3ced82c9a646d59f91"
"md","step-01-validate-prerequisites","bmm","bmm/workflows/3-solutioning/create-epics-and-stories/steps/step-01-validate-prerequisites.md","e59456a8b3114f674f46d37679ac1eed5b4bf325975be33defac00e377f3c31f"
"md","step-01b-continue","bmm","bmm/workflows/1-analysis/product-brief/steps/step-01b-continue.md","9e54ce8e48fd108013d0a09a5ac4bf5ff879d75fe8f72d2ad0f1c0518f65feb8"
"md","step-01b-continue","bmm","bmm/workflows/2-plan-workflows/create-ux-design/steps/step-01b-continue.md","d2b7a285be65c9ebb64a459e8b739f4a91d76638a3b4ff3f0555aeacedf8afb8"
"md","step-01b-continue","bmm","bmm/workflows/2-plan-workflows/prd/steps/step-01b-continue.md","4ce990b0a71872870157c4ec25f971919ebb3c9111a164b0fe93e3095c890e31"
"md","step-01b-continue","bmm","bmm/workflows/3-solutioning/architecture/steps/step-01b-continue.md","5e0db28c27d1adc014920ad747eb9d78139ad44c7cdfc961506520f41b8a2d72"
"md","step-02-context","bmm","bmm/workflows/3-solutioning/architecture/steps/step-02-context.md","5d29ea8252a88150297336882c905bf93155ffc9646580b05740800b040802b7"
"md","step-02-customer-behavior","bmm","bmm/workflows/1-analysis/research/market-steps/step-02-customer-behavior.md","645939f3ab6656d315201d40bf5e26bddde34a3347d430faf83735e3241dd91a"
"md","step-02-customer-insights","bmm","bmm/workflows/1-analysis/research/market-steps/step-02-customer-insights.md","6275c53deeaf1a175bfcfdccde25b6eb51db3a436859dc53cecfb28248a4fe5e"
"md","step-02-design-epics","bmm","bmm/workflows/3-solutioning/create-epics-and-stories/steps/step-02-design-epics.md","655b2169bb0be24c390b46d485b55f2996cdc03b55d2748301e28a6e30c057cf"
"md","step-02-discovery","bmm","bmm/workflows/2-plan-workflows/create-ux-design/steps/step-02-discovery.md","640339c1e43fd72abbdb1d6695554722a194704bbab9fa507840ce0c6972aa8d"
"md","step-02-discovery","bmm","bmm/workflows/2-plan-workflows/prd/steps/step-02-discovery.md","53f270b629917646b5f040f5891ce1b83cb530219b5e8aa46464e0438d39c392"
"md","step-02-domain-analysis","bmm","bmm/workflows/1-analysis/research/domain-steps/step-02-domain-analysis.md","c9b8be857be526c6b381c0bc91a2bfe72864aaa63e06d3343e5f59f7918fada6"
"md","step-02-generate","bmm","bmm/workflows/generate-project-context/steps/step-02-generate.md","a5360e568d1822fc5047c8646702710367d15136c0202b046baa247fb1b43947"
"md","step-02-prd-analysis","bmm","bmm/workflows/3-solutioning/implementation-readiness/steps/step-02-prd-analysis.md","e0fb78589832caf7c3856c9bced5298d86ce8fc74f5865b1a717c928856a9a48"
"md","step-02-technical-overview","bmm","bmm/workflows/1-analysis/research/technical-steps/step-02-technical-overview.md","3d06971c99893bce11b9fa2a4c3550da708499cf04eac3999b8ec0eb443f60aa"
"md","step-02-vision","bmm","bmm/workflows/1-analysis/product-brief/steps/step-02-vision.md","f2b7fb161a41ebbb663ca915b3e62b4802f175bcbf00cb8110421b238280ee4c"
"md","step-03-competitive-landscape","bmm","bmm/workflows/1-analysis/research/domain-steps/step-03-competitive-landscape.md","a79de62954e0ce3e13f9cad53c5fabf0b677af8dc2f4919c645eb1dcfd4e85ce"
"md","step-03-complete","bmm","bmm/workflows/generate-project-context/steps/step-03-complete.md","a5de74e413f3529eb7b82b9b46fd248abeaa840aa3a0e1bc3954d494bb2207d3"
"md","step-03-core-experience","bmm","bmm/workflows/2-plan-workflows/create-ux-design/steps/step-03-core-experience.md","5d9213a8910a635e4928798f916eda46bd2bb0dd838ab2e4ee445d97248a7dec"
"md","step-03-create-stories","bmm","bmm/workflows/3-solutioning/create-epics-and-stories/steps/step-03-create-stories.md","5ae4d2b4cd733a05905b26cb51722c99150ad79812fe571f85594f70f48a497a"
"md","step-03-customer-pain-points","bmm","bmm/workflows/1-analysis/research/market-steps/step-03-customer-pain-points.md","0d13745dd40d0775ab2989cdec3172d6821dc17565c6fae189d4c5f46a66e9e1"
"md","step-03-epic-coverage-validation","bmm","bmm/workflows/3-solutioning/implementation-readiness/steps/step-03-epic-coverage-validation.md","4971bde4324dd7ca7694566a8d229c56e9c2f1af9e3c5292d6af5e0de5774e91"
"md","step-03-integration-patterns","bmm","bmm/workflows/1-analysis/research/technical-steps/step-03-integration-patterns.md","174441c5a41b0ebec62912ae9eec7f04d31cfc642f9309f8621385e1d0b7fd3a"
"md","step-03-starter","bmm","bmm/workflows/3-solutioning/architecture/steps/step-03-starter.md","4299316d4941270e5c00915f8c8e9fe3aec6bb1c80b7ef7900ac29c0379d74e8"
"md","step-03-success","bmm","bmm/workflows/2-plan-workflows/prd/steps/step-03-success.md","3b431627905cd55c6d84da40ef4bcaaa181913ff50decb624c3385106d3f54fd"
"md","step-03-users","bmm","bmm/workflows/1-analysis/product-brief/steps/step-03-users.md","4f923f81f3a42be15e53480dd258abede59cd18624d98e5f809d704948a57d25"
"md","step-04-architectural-patterns","bmm","bmm/workflows/1-analysis/research/technical-steps/step-04-architectural-patterns.md","a659010e3a46203b549f4f112c92a5854e7b8ab1a69b3252445452791027d3e9"
"md","step-04-customer-decisions","bmm","bmm/workflows/1-analysis/research/market-steps/step-04-customer-decisions.md","a55105dd8eab92b13b2dfe398af134a4e9090cb87424faab81bc880a01f39dca"
"md","step-04-decisions","bmm","bmm/workflows/3-solutioning/architecture/steps/step-04-decisions.md","5fec0fa164cf6403246eb87d6cb5d9f223b1a923828320829f5e1c809740c599"
"md","step-04-emotional-response","bmm","bmm/workflows/2-plan-workflows/create-ux-design/steps/step-04-emotional-response.md","511b72db1a6744079ee3c8f05f84ffe1e0194729dc9a6a19985b9960afbaed8d"
"md","step-04-final-validation","bmm","bmm/workflows/3-solutioning/create-epics-and-stories/steps/step-04-final-validation.md","1db2461a23000e49d25380adc000de0b5a16a1a154fb714c9150489fd5bfa88c"
"md","step-04-journeys","bmm","bmm/workflows/2-plan-workflows/prd/steps/step-04-journeys.md","3d1ad73a90a4bc55281f7fc64e4d58b912b8c6af4addacae9a5faf05e0b842b8"
"md","step-04-metrics","bmm","bmm/workflows/1-analysis/product-brief/steps/step-04-metrics.md","fb5be0504f8004c651cb78ed90c5a14dffc14ab06a62923a50cdfef33aa00a63"
"md","step-04-regulatory-focus","bmm","bmm/workflows/1-analysis/research/domain-steps/step-04-regulatory-focus.md","d42ad10826e8230dc645850a78e0719ee25bbb57975f8f7f74f6473b20c4179e"
"md","step-04-ux-alignment","bmm","bmm/workflows/3-solutioning/implementation-readiness/steps/step-04-ux-alignment.md","481191bb3053e83f17bf95b34cdaf75858118b04bbd9cb9fada1deb445e9a748"
"md","step-05-competitive-analysis","bmm","bmm/workflows/1-analysis/research/market-steps/step-05-competitive-analysis.md","b6fd5f0c3aef93e7e879585c41953f36ae9add8adb875e3341de155eece14fb9"
"md","step-05-domain","bmm","bmm/workflows/2-plan-workflows/prd/steps/step-05-domain.md","c9837293b4a49ecd99e66c2c5dfb53d4ca75177ab84dede77ec907d96a98ccac"
"md","step-05-epic-quality-review","bmm","bmm/workflows/3-solutioning/implementation-readiness/steps/step-05-epic-quality-review.md","d2cb6e86e55027eb99f2c358152dab874238bf3be9f36d4998c9fd496a67c8f0"
"md","step-05-implementation-research","bmm","bmm/workflows/1-analysis/research/technical-steps/step-05-implementation-research.md","7f63696d8f253b937e350028e3d707c196adcd9b51287f1d6088252bd84064b7"
"md","step-05-inspiration","bmm","bmm/workflows/2-plan-workflows/create-ux-design/steps/step-05-inspiration.md","969d124342bfe07f7f5cbf5ad8db372b75cd2740c6f7c16e99da95973538785b"
"md","step-05-patterns","bmm","bmm/workflows/3-solutioning/architecture/steps/step-05-patterns.md","5317a5047ba84b31e8c6349beaa5aeb877719045e8de131eafa50d417276c771"
"md","step-05-scope","bmm","bmm/workflows/1-analysis/product-brief/steps/step-05-scope.md","2f9a4a1ecd7d23c2824940db9771cb37156785934b76682aa941aa4fb3c3c29b"
"md","step-05-technical-trends","bmm","bmm/workflows/1-analysis/research/domain-steps/step-05-technical-trends.md","ae618f411b6a15df2408f48e5373747b9ec7a6892952dca40dc513aaa365d2e3"
"md","step-06-complete","bmm","bmm/workflows/1-analysis/product-brief/steps/step-06-complete.md","6d97d38973cff7310bcdeee3f4b8fe95ef48f0747813fbd49d5da2ff753dd9b9"
"md","step-06-design-system","bmm","bmm/workflows/2-plan-workflows/create-ux-design/steps/step-06-design-system.md","62ee4bed086203c3b90b9380e787c37de58a5463f937291aaecafe10ad74d6ca"
"md","step-06-final-assessment","bmm","bmm/workflows/3-solutioning/implementation-readiness/steps/step-06-final-assessment.md","ff7d680af695143eafbcd81cf4eba31e675d3fe610f89feb0df0311c12b2017e"
"md","step-06-innovation","bmm","bmm/workflows/2-plan-workflows/prd/steps/step-06-innovation.md","855f2ebba9564d03129b7f3f68c74022824d7811952c090fe2c5f68e735c33c8"
"md","step-06-research-completion","bmm","bmm/workflows/1-analysis/research/market-steps/step-06-research-completion.md","86a7cc2c0a127a9dcfff657dbf14ab6b57b103a4ecb54719e53fc76f018a56fd"
"md","step-06-research-synthesis","bmm","bmm/workflows/1-analysis/research/domain-steps/step-06-research-synthesis.md","adb2b7652475993eb44a692d288e3d2a0906f919ffb47ccafe14791310ea45e3"
"md","step-06-research-synthesis","bmm","bmm/workflows/1-analysis/research/technical-steps/step-06-research-synthesis.md","ccdcdd63fdfdeeeaa4da9d367f27a95d88ce89cf7d9220f1ec9c7060772c4044"
"md","step-06-structure","bmm","bmm/workflows/3-solutioning/architecture/steps/step-06-structure.md","9d62d91b2d88d356122ae4f69c375482bb0286a4fa8e33b1f9be156fc68318f9"
"md","step-07-defining-experience","bmm","bmm/workflows/2-plan-workflows/create-ux-design/steps/step-07-defining-experience.md","bac9c295cd452c267dbdded2dca42460e951657fd7aeb02ecfeb8474d1644dbb"
"md","step-07-project-type","bmm","bmm/workflows/2-plan-workflows/prd/steps/step-07-project-type.md","a3943e5f9d84921b86c4e2d3a7682837cf36c202ed228221cc60b07beff433b0"
"md","step-07-validation","bmm","bmm/workflows/3-solutioning/architecture/steps/step-07-validation.md","2bced19350138f5761d7708b4624e30f525d28b65a847c88400ea35a5e65d047"
"md","step-08-complete","bmm","bmm/workflows/3-solutioning/architecture/steps/step-08-complete.md","e57cab0959d02873a3c9444db2d16997baafb21f03e31ccfadca02bac343cb59"
"md","step-08-scoping","bmm","bmm/workflows/2-plan-workflows/prd/steps/step-08-scoping.md","4f3fb930ce80c6fca5f1aafd293f95553fc50ecc931556d3a2c48615d32eb1d9"
"md","step-08-visual-foundation","bmm","bmm/workflows/2-plan-workflows/create-ux-design/steps/step-08-visual-foundation.md","b5267df6d1fdb8c00bbf2e2d3fd78443719000c6395ddd1bfae90e7f610bfa02"
"md","step-09-design-directions","bmm","bmm/workflows/2-plan-workflows/create-ux-design/steps/step-09-design-directions.md","399b62e795e3d8968c5b1d878a89bf1dfc9db1e107c076981e22eb46273cf0f4"
"md","step-09-functional","bmm","bmm/workflows/2-plan-workflows/prd/steps/step-09-functional.md","e0c2f45c9c2aa99a7113d6dbb9e9ed5add9aec358697b1953f8aea176d45c60f"
"md","step-10-nonfunctional","bmm","bmm/workflows/2-plan-workflows/prd/steps/step-10-nonfunctional.md","8afe30d400ade2b1db7ec8c8de97c9025c25851933e8883d2376a292d50fdeca"
"md","step-10-user-journeys","bmm","bmm/workflows/2-plan-workflows/create-ux-design/steps/step-10-user-journeys.md","5ec0db4af1b6f85a0d7ddd98b946f3a1b40fde8a198e77580e6014bc3d4d46ec"
"md","step-11-complete","bmm","bmm/workflows/2-plan-workflows/prd/steps/step-11-complete.md","292fbc65143b5f809e913e989d157b79e0ad72fe841eac7f35ca53041f70b33b"
"md","step-11-component-strategy","bmm","bmm/workflows/2-plan-workflows/create-ux-design/steps/step-11-component-strategy.md","f0c41afd41c636863a5396f3b62798bbb06f81a4ef2f1c68551ed8303c4ff75a"
"md","step-12-ux-patterns","bmm","bmm/workflows/2-plan-workflows/create-ux-design/steps/step-12-ux-patterns.md","59e47417f9f0be44c20179a85d204e5e8dbf3b343648acbbd87a9045c3adf6d0"
"md","step-13-responsive-accessibility","bmm","bmm/workflows/2-plan-workflows/create-ux-design/steps/step-13-responsive-accessibility.md","a7ebab0ca19bca7b15304d4d3a655a08eb7a711cfe6efc88ffec46d3f1a5766f"
"md","step-14-complete","bmm","bmm/workflows/2-plan-workflows/create-ux-design/steps/step-14-complete.md","3565a5b60c9aec822bca7a29a90501a0e8c5bebca8baa9dfb4f9c410aed95f2d"
"md","tech-debt-auditor","bmm","bmm/sub-modules/claude-code/sub-agents/bmad-research/tech-debt-auditor.md","76182176ac024ec31d66017978658352bf7d8250c741ff2eaac632c995670baf"
"md","technical-decisions-curator","bmm","bmm/sub-modules/claude-code/sub-agents/bmad-planning/technical-decisions-curator.md","6d244291bff69d1207c60f0fb8272c43a26537b4d291c4045970bd5aaafc4946"
"md","technical-evaluator","bmm","bmm/sub-modules/claude-code/sub-agents/bmad-review/technical-evaluator.md","abf1f497d2d82c29931f781067659a03e20574e8050e8c688f22f03c191cc9bc"
"md","template","bmm","bmm/workflows/4-implementation/create-story/template.md","d6985b05178ce3e4ac140e9cccda0e5b2a8cf07893e4ce5aed51c9f7434350ad"
"md","test-architecture","bmm","bmm/docs/test-architecture.md","aa7382499be15a405d10a776f57eba4ae6e05e5df539192785c528eb0b3df057"
"md","test-coverage-analyzer","bmm","bmm/sub-modules/claude-code/sub-agents/bmad-review/test-coverage-analyzer.md","b024bbc7ab909eb70c8af6f56728a151fa263b8d3cd6c2bffb7643a39a8bc8de"
"md","test-design-template","bmm","bmm/workflows/testarch/test-design/test-design-template.md","4b37a0a4d23f79a7c878ed9809e5def8337e4e8cf7156bfcae4201580c65eddd"
"md","test-healing-patterns","bmm","bmm/testarch/knowledge/test-healing-patterns.md","34f05dc40b5ead05d9c68299cb1a46f819338a4c8c928ab550a593e17f2b5464"
"md","test-levels-framework","bmm","bmm/testarch/knowledge/test-levels-framework.md","5397ad467351c55a6c8ee0d7f2fc6fce3d123a0bee35c01af0f71aa90d8bd0ea"
"md","test-priorities-matrix","bmm","bmm/testarch/knowledge/test-priorities-matrix.md","9f026da4038166ce8c3cc8aaedc9ca32b99eae75a053d5301c07bc53442a7788"
"md","test-quality","bmm","bmm/testarch/knowledge/test-quality.md","01552faa4496926c4e4badf03ff7c0b17fbf3e5647c3a79348c6e4932602955e"
"md","test-review-template","bmm","bmm/workflows/testarch/test-review/test-review-template.md","e415ff04456a35f56d13c631eacdcc9e7e2a0f0f9678dddc0b035fe09b52b200"
"md","timing-debugging","bmm","bmm/testarch/knowledge/timing-debugging.md","74304e8e924f1ae21be4edcdea149442a8ee1d5ad23a5388dc32c0cf3f8135e7"
"md","trace-template","bmm","bmm/workflows/testarch/trace/trace-template.md","f07d3dfde1a75b7e3d574d8c4b95e738b5a2552e3fad89b4741c371141ea0fc4"
"md","trend-spotter","bmm","bmm/sub-modules/claude-code/sub-agents/bmad-planning/trend-spotter.md","e3d4281fb8c9729562e36430f082d2d85f77156c4ab3b0aca9aa26323010e7ae"
"md","troubleshooting","bmm","bmm/docs/troubleshooting.md","e80240c906cea4fccd3da48d4162ea452b53347922bd5cf5864c54ce97ed9841"
"md","user-journey-mapper","bmm","bmm/sub-modules/claude-code/sub-agents/bmad-planning/user-journey-mapper.md","33195c92ece40f024501a7607ff14b5c648394df0dee41f7ba849e618b9a07b6"
"md","user-researcher","bmm","bmm/sub-modules/claude-code/sub-agents/bmad-planning/user-researcher.md","93db9982168616a80833d56bf7b6f330955058b5d072a2b0775a63fda8e0c0c5"
"md","ux-design-template","bmm","bmm/workflows/2-plan-workflows/create-ux-design/ux-design-template.md","e3243405e033ac20fc1f39f2ec39f60629a00599b7638b5b17be8ce1cb65974c"
"md","visual-debugging","bmm","bmm/testarch/knowledge/visual-debugging.md","c61f70d5f7eb3bb15e34484b874554672c3d78004b70a0eeb9f713abdd520e1f"
"md","workflow","bmm","bmm/workflows/1-analysis/product-brief/workflow.md","6181f427235b94a3ff6cd9bc1b213cca18083d6f8324a4415514c6a089ec046a"
"md","workflow","bmm","bmm/workflows/1-analysis/research/workflow.md","7ea419070d07ca83b60313d9aa4aff1a9a8bb9ecf789bbf89ba2dbd4ee6f8821"
"md","workflow","bmm","bmm/workflows/2-plan-workflows/create-ux-design/workflow.md","3676230775610744f4ba7f9ddfdb2bc278b507eb9ede5b124efa9ef40989f7d2"
"md","workflow","bmm","bmm/workflows/2-plan-workflows/prd/workflow.md","2aba9277060a2d36c572c2fbbd8b9cf1e3510e8d298281acd0e728f8a49fc71d"
"md","workflow","bmm","bmm/workflows/3-solutioning/architecture/workflow.md","9d737285c992c2a43cc7b5187ea450ee4d8d5ebdf331c4037069d75c99b327fb"
"md","workflow","bmm","bmm/workflows/3-solutioning/create-epics-and-stories/workflow.md","3aaf274968216b92a0fb6c9140fe1ea1de5aa6f36ac3ae381a8b53be5fe3daa1"
"md","workflow","bmm","bmm/workflows/3-solutioning/implementation-readiness/workflow.md","b9935bf9ed745ca46bdf5d7b1417644bacb0417bc205f3de87440bdd9710be3a"
"md","workflow","bmm","bmm/workflows/generate-project-context/workflow.md","72ae1eb8b454d87f43e0a48f56d907098332b68164abbe1506a26dcca5286f47"
"md","workflow-architecture-reference","bmm","bmm/docs/workflow-architecture-reference.md","d08095f3f92b0a74f017108e9f3b0486acf2a4dba62a6bf090171b5a902b2055"
"md","workflow-document-project-reference","bmm","bmm/docs/workflow-document-project-reference.md","71635dc1fb9eceeb92a7d9bde3f872069c19f932cf5e7118ca0b49a0c49e2028"
"md","workflows-analysis","bmm","bmm/docs/workflows-analysis.md","f37c62c75bbc9499f0d38359b807803cc3fc95d4d63b25b59c959866f0a92eec"
"md","workflows-implementation","bmm","bmm/docs/workflows-implementation.md","1cd7df17953b69c3a88e41e1cf9d7463c085e4ce116f38a2a3200386ff5178de"
"md","workflows-planning","bmm","bmm/docs/workflows-planning.md","f22a99c1f6be606b4d168a36e47a3d505abdcbee2f35dedfebdf36a98f114376"
"md","workflows-solutioning","bmm","bmm/docs/workflows-solutioning.md","95f0d44dd2c530d57a17192867cc981393e5a9d2d096d924286a00c1fcb67745"
"svg","workflow-method-greenfield","bmm","bmm/docs/images/workflow-method-greenfield.svg","628350a276a02f2cdd855a7b1d5bb72dea3291464f61d1a7e55c4a13dafb44cc"
"xml","daily-standup","bmm","bmm/tasks/daily-standup.xml","31b6eafeba10170ac60bfaa7119d8e6ebee795805e9f0a3099f4990b48f003fa"
"xml","instructions","bmm","bmm/workflows/4-implementation/code-review/instructions.xml","b3b24e9708e4280ef34db55616c03dd51ddf7b78ae72d3a2ce99c90d5ff98ee0"
"xml","instructions","bmm","bmm/workflows/4-implementation/create-story/instructions.xml","1c8a8de77fcfcccd0cc2db3f42fbd3837491f4ff65f32f70abd81b59449d922f"
"xml","instructions","bmm","bmm/workflows/4-implementation/dev-story/instructions.xml","39399c4b00feb2e5e6bac9e298e87e5135d633bca553adb7d34b9b732f6757cc"
"yaml","config","bmm","bmm/sub-modules/claude-code/config.yaml","4126eb5bac7b906374782be0e93cbc249ed521ef1c0f0af328076eba857267b4"
"yaml","config","bmm","bmm/config.yaml","1483cb0abf04dbfdf1087d5389a8c428f1b1bc22fc07467d5063b5f7a3b4ddb0"
"yaml","deep-dive","bmm","bmm/workflows/document-project/workflows/deep-dive.yaml","7eb3295a3c94867141482c9ea169ffe9d53ca1c97654cffc03a67a61b8650186"
"yaml","enterprise-brownfield","bmm","bmm/workflows/workflow-status/paths/enterprise-brownfield.yaml","5accdf312b24b29a93adc843c3d3f606d3fae1ae11bafae8bdadcad80b84e05e"
"yaml","enterprise-greenfield","bmm","bmm/workflows/workflow-status/paths/enterprise-greenfield.yaml","67f2caf563a96a1d8c74830a3a1600835ea5e1ab11d103aef82a97d5f143d0f8"
"yaml","excalidraw-templates","bmm","bmm/workflows/diagrams/_shared/excalidraw-templates.yaml","238f19287558ad09e0c0bb11bdbbfa07bb05b0ec1a2945ad45425735cab6007b"
"yaml","full-scan","bmm","bmm/workflows/document-project/workflows/full-scan.yaml","b393981ac25c77fc051c435b1a5ff94b9b65917b667619b2074e60562f037ebe"
"yaml","github-actions-template","bmm","bmm/workflows/testarch/ci/github-actions-template.yaml","adf37c8973929ae530bb5a61c5f79b51c5dda9ab9f5ef1998fb21295b318adaf"
"yaml","gitlab-ci-template","bmm","bmm/workflows/testarch/ci/gitlab-ci-template.yaml","3e2e37b40fb1c0f659ae5ca34b895f17ab00d7ea6fcf1b895c8cb130fb45aeb4"
"yaml","injections","bmm","bmm/sub-modules/claude-code/injections.yaml","f80f6f83ac5da262e165412f45469fbd66e6ca80c36558e478b96079151ccf9d"
"yaml","method-brownfield","bmm","bmm/workflows/workflow-status/paths/method-brownfield.yaml","6e9e176e90f196b96e30df730b98ef84ffc48ae6273299e3f2c668d4833e83b0"
"yaml","method-greenfield","bmm","bmm/workflows/workflow-status/paths/method-greenfield.yaml","0ef607d73891fd4f65da32e76e7495c6e0ed9308ffff5eaa8b8694749b9fb213"
"yaml","project-levels","bmm","bmm/workflows/workflow-status/project-levels.yaml","e206829ccd17006c8cbd573a8c6c1aa48451e31d6befce7215bd5b686bb46c43"
"yaml","sprint-status-template","bmm","bmm/workflows/4-implementation/sprint-planning/sprint-status-template.yaml","a5abc948280e96b20a794e3e6f2c2a77346b4217ce4e17ddfcb6ca76b536bd41"
"yaml","team-fullstack","bmm","bmm/teams/team-fullstack.yaml","debb100bfda3790c568422c40bd93be96b9ef641a147eb85769fb404a23e1a67"
"yaml","workflow","bmm","bmm/workflows/4-implementation/code-review/workflow.yaml","f6a5594177ecc7196e4ad3654849b1ae4a9cbd3e8d1216fb0ee184751ed20fe0"
"yaml","workflow","bmm","bmm/workflows/4-implementation/correct-course/workflow.yaml","bcce5798793fc3877dc5c4f780d13fae80603e307c7d1b71e7d3987ce1409b02"
"yaml","workflow","bmm","bmm/workflows/4-implementation/create-story/workflow.yaml","a8aedfb0afd8527c781ecbd6eee5aaeac4fca85af315cb6408cb3bb8aa71638b"
"yaml","workflow","bmm","bmm/workflows/4-implementation/dev-story/workflow.yaml","e827493206b65444aa8d70b35c87201eae4ec649ca2f9ca0d46e725c53a93620"
"yaml","workflow","bmm","bmm/workflows/4-implementation/retrospective/workflow.yaml","f0af22a8aced2bc042a2c9491e9e511a33fa33f1b0cb6aa63c16ecbf2f45dc04"
"yaml","workflow","bmm","bmm/workflows/4-implementation/sprint-planning/workflow.yaml","885d2980c003554d96cbb5be9c950b197a23b6fba18447050028b6a33b939988"
"yaml","workflow","bmm","bmm/workflows/4-implementation/sprint-status/workflow.yaml","c2abbadac736e602a506b1727bdbde961717e3a63487e021fc3545c54fbbef72"
"yaml","workflow","bmm","bmm/workflows/bmad-quick-flow/create-tech-spec/workflow.yaml","736d4b89d87de5fde5348e430074d816c25fa5c679195a62dea2ab65251cfc56"
"yaml","workflow","bmm","bmm/workflows/bmad-quick-flow/quick-dev/workflow.yaml","10331ea1a4b74885e9f1e738d102d64e30759e805f143d491f1a7d68f314031e"
"yaml","workflow","bmm","bmm/workflows/diagrams/create-dataflow/workflow.yaml","8f14dcfb9e25f1ddd90d0c5bce798f9ae525c3172e58730626e92c0f6bbd5e91"
"yaml","workflow","bmm","bmm/workflows/diagrams/create-diagram/workflow.yaml","9121b858c04d18b020e14c25a74a2d55ebcba81ab5fd792a238ba80afa4411c1"
"yaml","workflow","bmm","bmm/workflows/diagrams/create-flowchart/workflow.yaml","2b45f6d40c8c0e10774045e9e5db0a8a37af8559d76e57589d6d752e4c6b8bf2"
"yaml","workflow","bmm","bmm/workflows/diagrams/create-wireframe/workflow.yaml","7f6494e1d68badea60f000f9c1ce84357db6ac870844b691766533ab9d5b465e"
"yaml","workflow","bmm","bmm/workflows/document-project/workflow.yaml","6d9b2cb543236c78e7f83c89df3e53ad515781b9f6d955f6e68f67c63b1d5b5e"
"yaml","workflow","bmm","bmm/workflows/testarch/atdd/workflow.yaml","12458c071ca28de9e62697169f6ec8a21ae7860b23b09e2c3c74a4686a0fa52c"
"yaml","workflow","bmm","bmm/workflows/testarch/automate/workflow.yaml","c357a71a4ef437f25253433a406d3d733d4d55549e0f9ee7be0524eff6a041c4"
"yaml","workflow","bmm","bmm/workflows/testarch/ci/workflow.yaml","92c620ee68ff52a39d6a98aaf68a2a365094e5766e5b18ed5ce0bacebffd6606"
"yaml","workflow","bmm","bmm/workflows/testarch/framework/workflow.yaml","702f0ec4cb3b602ec8b1e11577d6b5cddaaf3c8a75341dd6c1dd795f907fcc03"
"yaml","workflow","bmm","bmm/workflows/testarch/nfr-assess/workflow.yaml","476e9ec25ad5a64a8a87faa45a89e6bd58f7ba5c40e862a30d5a56cfc878b5be"
"yaml","workflow","bmm","bmm/workflows/testarch/test-design/workflow.yaml","d4220e988332383426f67c6bc04879e3c6099d4baf53809acec2f5e67409b393"
"yaml","workflow","bmm","bmm/workflows/testarch/test-review/workflow.yaml","fcc0e927b55b72e08183e8d0158d0ddb09315b6b12a5371f93e34a8504299061"
"yaml","workflow","bmm","bmm/workflows/testarch/trace/workflow.yaml","7ba26c5c6b4551e955348e8866436bff4349295448b125b75e5b8024504837ed"
"yaml","workflow","bmm","bmm/workflows/workflow-status/init/workflow.yaml","29f1aaeb549c263c621b9fa7442ea1edaf4bc1a25bc18883cbcb24ff98021539"
"yaml","workflow","bmm","bmm/workflows/workflow-status/workflow.yaml","7464ded7b27b87039013d0cab924ab9ae7da931d029c6b75e5c352ef41a62b13"
"yaml","workflow-status-template","bmm","bmm/workflows/workflow-status/workflow-status-template.yaml","e55fa32fd739c8417358a8232cd405c449bc5b5199ac7369362bf4d0f58e6a09"
"csv","default-party","cis","cis/teams/default-party.csv","e27e5a0480f41760da2fde5aeeccd425dae9c4a654105aab329ee1562cc83392"
"csv","design-methods","cis","cis/workflows/design-thinking/design-methods.csv","97a1fa87aaa355ce855c2c4e3bbfde59cb4ed2166cf9896496af786f10c13459"
"csv","innovation-frameworks","cis","cis/workflows/innovation-strategy/innovation-frameworks.csv","bd1d191062302353d2562a54751f8f263ce47e143202e2c0fe41315c2be9eb95"
"csv","solving-methods","cis","cis/workflows/problem-solving/solving-methods.csv","f3a380b12b21ec2410d1ac44bc8ca1970b0a04a21bfe3dd0370ac7ed1ec0d2c0"
"csv","story-types","cis","cis/workflows/storytelling/story-types.csv","8cf3d49d3ce771f30b6d9c0c936d35f92b8af23e0962c876df832c02d605f1ce"
"md","instructions","cis","cis/workflows/design-thinking/instructions.md","48a480edfcf46c4c6f7f2cb3c33040959620f464475f2b220c46210ba8bf7085"
"md","instructions","cis","cis/workflows/innovation-strategy/instructions.md","fac8a9753e5d5c1e960c66cbaa183ce775a7150f5ce2889f986199bb5853e8cb"
"md","instructions","cis","cis/workflows/problem-solving/instructions.md","4ad4af878a86bae2c606f00779c77e4e5493288ab126eaf45644b8e6fc6cc6f3"
"md","instructions","cis","cis/workflows/storytelling/instructions.md","d9649712b7bc882092c8f12cecbfb29dd8f74d7c699ffd5dc4f6b3c9c0a9fe99"
"md","readme","cis","cis/readme.md","fed450d18ac30773777ab9c02fc1ab7453f362a9cb0670bb33b0496362f8bcd0"
"md","README","cis","cis/agents/README.md","a7a8722ae3e688d2f60be59b003921a4381b756bdc96ea65558e7c5ad9b1abbe"
"md","README","cis","cis/workflows/design-thinking/README.md","c6eab6e3fe96a97731cc2b7d8d6ea20f5a9664d19f03fc5b2b34e1ac8952142e"
"md","README","cis","cis/workflows/innovation-strategy/README.md","88ab818502bf35c3e99eb8e277aa10244834b013913ecebd1de1449e54944650"
"md","README","cis","cis/workflows/problem-solving/README.md","1eb1bb254b197817249d53af6241cc8af5d9b324e6420eecb53c646ac1ffff8f"
"md","README","cis","cis/workflows/README.md","0bdf8ad2bb92ae4196c75b9959ecaad00c1e9d56719bb15b8c5c38f5fb6d7699"
"md","README","cis","cis/workflows/storytelling/README.md","c82b12133c5057c546c96432d574aa035ab1446178f9c64d247cdda9e1e2bfe4"
"md","template","cis","cis/workflows/design-thinking/template.md","7bcf6d0cd09de3c0d91f3f49ee280177365dabb64ed814b97e83e73082643c37"
"md","template","cis","cis/workflows/innovation-strategy/template.md","ab574d69fa13e21c806101a9089563b541013f6df44255d800ea24d4cb6d7136"
"md","template","cis","cis/workflows/problem-solving/template.md","c46fbdf42a1d9ad732f562e4add05020198ffc7ba18d134718e1cd960752c390"
"md","template","cis","cis/workflows/storytelling/template.md","290615dbd530dc13843a87ebedd107b390bcfd57cf68df67cd250dea8f49b2dd"
"yaml","config","cis","cis/config.yaml","dcf4e9136018e1d524f2e3ceb3b4804a432ef3a7ea82ee351b2133227040894c"
"yaml","creative-squad","cis","cis/teams/creative-squad.yaml","5e1033c95a9679e2f8688be4409104aa0b98c6503abb0512447b6d7541dd4f61"
"yaml","workflow","cis","cis/workflows/design-thinking/workflow.yaml","0103592df18714df5f0f8825ce87382050eb5e03611d407780c1ade35ce06d34"
"yaml","workflow","cis","cis/workflows/innovation-strategy/workflow.yaml","e6917f847e9232a79a88a6dac59730e4d097b9bf4bd109bd530423a21e46767d"
"yaml","workflow","cis","cis/workflows/problem-solving/workflow.yaml","e56fefe989f8c847f19dc1415e570189a93a0ab3b872f08ea2a5e4309c55e9c0"
"yaml","workflow","cis","cis/workflows/storytelling/workflow.yaml","ecc5ae7dea36ff583fb1a9573c56c4ccd770af5ade4a6ee0895ded3b0b807b4a"
"csv","advanced-elicitation-methods","core","core/tasks/advanced-elicitation-methods.csv","5919c987bd12404753cdb21a534619422903210bbb8430da0f91364c36e48b53"
"csv","brain-methods","core","core/workflows/brainstorming/brain-methods.csv","ac6b25211f30e35d0f6390f165d4a68abb66a4553bae039a7162f4e6dd3594d2"
"md","bmad-master","core","core/agents/bmad-master.md","c823baba0bb9ca5b96c556ab7a6b08ee563b1f10ae3cb550430d139a403d613c"
"md","excalidraw-helpers","core","core/resources/excalidraw/excalidraw-helpers.md","b0c076d14647ddfaf8fbff0ceb1debea71ad2888335c670544b5a20d5f16dcb0"
"md","library-loader","core","core/resources/excalidraw/library-loader.md","b966282264c0f00a89686317babe18487e9e9b47a2d75d71e717771ac5f91d5f"
"md","README","core","core/resources/excalidraw/README.md","4fb6e4d446883075a511ef90d04b35f2480a8baa721d92345783dd060308a938"
"md","step-01-agent-loading","core","core/workflows/party-mode/steps/step-01-agent-loading.md","653f1b404609870cea733136b667ef14ff860b6acfe0cf622a9dec61ca07fb0d"
"md","step-01-session-setup","core","core/workflows/brainstorming/steps/step-01-session-setup.md","76f5d4fe4c5fe30c3f77f29111c373788890b681e99d823730973c8d02a2610b"
"md","step-01b-continue","core","core/workflows/brainstorming/steps/step-01b-continue.md","3a35cefb624a38a6688536123fe9f3b63362f61f4a7dd2c419f895cb8ea20a9a"
"md","step-02-discussion-orchestration","core","core/workflows/party-mode/steps/step-02-discussion-orchestration.md","00f0e24d7974b51ab6f12b574c28f63ca2821cdd4169a6d905c0cc1d64101323"
"md","step-02a-user-selected","core","core/workflows/brainstorming/steps/step-02a-user-selected.md","3f8308dc800e912026e8939d833b1d6199619c1626f3c7f42829509b99c077c1"
"md","step-02b-ai-recommended","core","core/workflows/brainstorming/steps/step-02b-ai-recommended.md","853dc819d1ea82aafb14642f6e2c19f8cb1fa36cca65ab79b6a9635fcd5bfafa"
"md","step-02c-random-selection","core","core/workflows/brainstorming/steps/step-02c-random-selection.md","a50cc5c5047ab2ae959dc0e15b43fd17b8c7632a8627572625d880d58bd8bc74"
"md","step-02d-progressive-flow","core","core/workflows/brainstorming/steps/step-02d-progressive-flow.md","d50d2e6480ab8e2c25fd2a778aadbdb917f74eaf64c515bef9f71b58953feebf"
"md","step-03-graceful-exit","core","core/workflows/party-mode/steps/step-03-graceful-exit.md","a491acf0b82b4745d6233738c25698b0aafab2d9872c2a4f131abc53f7d025d1"
"md","step-03-technique-execution","core","core/workflows/brainstorming/steps/step-03-technique-execution.md","e651c321306287ca82a01bc21b5243669bf9735abab89ed7d5b52cc32ba87e67"
"md","step-04-idea-organization","core","core/workflows/brainstorming/steps/step-04-idea-organization.md","5db26492a714e73e4e5bf38031cb6bf8cf3c031aba3f83423e78ad4475ae7006"
"md","template","core","core/workflows/brainstorming/template.md","016492ff5f6ddcf1d2a80b1891eb3a9f473bd108d753b8fe56ade4265cf0f25f"
"md","validate-json-instructions","core","core/resources/excalidraw/validate-json-instructions.md","bbf3e8cef27c06d476cad715618a4eeca34d897a5e6a0cc1de5989b71511fe9d"
"md","workflow","core","core/workflows/brainstorming/workflow.md","b417db13a29b33b4c396f0e1f5739ff28913445947c840093222f1840e9a0709"
"md","workflow","core","core/workflows/party-mode/workflow.md","489bb56096a920cd3cf0f2e955eba91e5d67d3f377e292b9d88a3a167c9e0d20"
"xml","advanced-elicitation","core","core/tasks/advanced-elicitation.xml","5b4dfc898d91c82dd23b658e0dd54dae4548428100c933441882ef27321b356a"
"xml","bmad-web-orchestrator.agent","core","core/agents/bmad-web-orchestrator.agent.xml","80481d7a27e590e698f669de9aace4dc69527bf758ed0cd48b07a69aa54d3f77"
"xml","index-docs","core","core/tasks/index-docs.xml","6dd438c69f159f6209969dc8bb69a1daf30ad632ad15785f7bcab5cabd11eeac"
"xml","shard-doc","core","core/tools/shard-doc.xml","0194de0f221d3ad7561aabefc43b115c2a0c4cda8fda39e8b42b6e3b822082ce"
"xml","validate-workflow","core","core/tasks/validate-workflow.xml","d69fc55fbe4275cce847bb3d2655b9a57adb932515e28fb8738f6a448f52bf74"
"xml","workflow","core","core/tasks/workflow.xml","4cc43d5eb8baa482aa85118de90a1e1efa06a1ab6f61faf4b32537615bd29c7d"
"yaml","bmad-master.agent","core","core/agents/bmad-master.agent.yaml",""
"yaml","config","core","core/config.yaml","9d16ba78f0430f483f560998acdb38aeacd66431837991c47ba89503585209fb"
"yaml","config","core","core/config.yaml","9d16ba78f0430f483f560998acdb38aeacd66431837991c47ba89503585209fb"
"yaml","module","core","core/module.yaml","abe6a5c74469640d634fca5b3175c2be20d1b046dac2ba7fd9303c5cbf115372"
